location,sqft,bath,price,bhk
other,3500.0,5.0,450.0,4
other,1900.0,3.0,160.0,3
sarjapura - attibele road,1800.0,3.0,90.0,3
hormavu,1210.0,2.0,69.0,2
8th phase jp nagar,1510.0,2.0,80.0,2
kanakpura road,525.0,1.0,30.0,1
green glen layout,1645.0,3.0,110.0,3
hennur road,1341.0,2.0,75.76,2
tc palaya,1200.0,2.0,65.0,2
other,2425.0,4.0,173.0,4
ramagondanahalli,2257.0,3.0,159.0,3
choodasandra,1465.0,3.0,75.0,3
rachenahalli,985.0,2.0,49.97,2
old airport road,2690.0,4.0,191.0,4
attibele,450.0,1.0,12.5,1
other,1200.0,2.0,75.0,2
other,2100.0,4.0,255.0,3
harlur,1197.0,2.0,82.0,2
kanakpura road,1339.0,2.0,71.5,2
gubbalala,1475.0,2.0,80.0,2
basavangudi,1050.0,2.0,103.0,2
sarjapur,1044.0,2.0,32.0,2
doddaballapur,4200.0,4.0,325.0,4
mico layout,5000.0,9.0,210.0,9
dommasandra,2700.0,3.0,68.0,4
jp nagar,1150.0,2.0,90.0,2
whitefield,2321.0,4.0,128.0,3
whitefield,1320.0,2.0,79.5,2
hebbal,3960.0,5.0,386.0,4
tumkur road,1098.0,2.0,72.0,2
thigalarapalya,2072.0,4.0,160.0,3
hulimavu,850.0,1.0,39.5,2
ambalipura,1607.0,2.0,112.0,3
ambedkar nagar,1935.0,4.0,130.0,3
jigani,933.0,2.0,43.0,2
old madras road,1200.0,2.0,72.0,2
other,1100.0,2.0,60.0,2
kammasandra,1595.0,3.0,65.0,3
talaghattapura,2106.0,3.0,148.0,3
8th phase jp nagar,2600.0,4.0,115.0,4
raja rajeshwari nagar,1700.0,2.0,86.0,3
electronic city,1025.0,2.0,54.0,2
pai layout,1400.0,2.0,57.5,2
other,2500.0,3.0,250.0,3
ramamurthy nagar,1125.0,2.0,47.0,2
indira nagar,2700.0,3.0,324.0,3
sanjay nagar,1500.0,3.0,150.0,3
gollarapalya hosahalli,1905.0,3.0,86.0,4
seegehalli,1639.0,3.0,120.0,3
other,1690.0,3.0,100.0,3
hormavu,1725.0,3.0,85.0,3
kodigehaali,1324.0,3.0,65.0,3
uttarahalli,1560.0,3.0,74.0,3
hoskote,1065.0,2.0,33.75,2
panathur,1210.0,2.0,77.0,2
bisuvanahalli,1180.0,2.0,46.0,3
parappana agrahara,1194.0,2.0,46.0,2
kaval byrasandra,1100.0,2.0,46.0,2
kanakpura road,458.0,1.0,19.695,1
hrbr layout,1900.0,3.0,90.0,4
1st phase jp nagar,1180.0,2.0,88.5,2
kr puram,1020.0,2.0,39.0,2
other,1200.0,2.0,115.0,2
bannerghatta road,1520.0,2.0,80.0,3
green glen layout,1715.0,3.0,120.0,3
electronic city phase ii,1000.0,2.0,28.88,2
marathahalli,950.0,2.0,46.7,2
raja rajeshwari nagar,1303.0,2.0,55.79,2
kothannur,1206.0,2.0,48.23,2
bannerghatta,1776.0,3.0,150.0,3
other,1495.0,3.0,90.0,3
whitefield,1314.0,2.0,84.0,2
abbigere,985.0,2.0,40.39,2
kundalahalli,1397.0,3.0,110.0,3
garudachar palya,1150.0,2.0,52.8,2
whitefield,1200.0,3.0,67.77,3
hosa road,1318.0,2.0,85.28,3
singasandra,1010.0,2.0,40.0,2
sahakara nagar,1655.0,3.0,115.0,3
anandapura,1749.0,4.0,90.0,4
banashankari,1170.0,2.0,46.79,2
sarjapur,650.0,1.0,19.87,1
raja rajeshwari nagar,1575.0,2.0,78.0,3
rajaji nagar,1800.0,4.0,324.0,6
bommasandra,955.0,2.0,37.97,2
kogilu,700.0,1.0,30.84,1
kaggadasapura,1500.0,3.0,75.0,3
cox town,1073.0,2.0,72.0,2
kumaraswami layout,1081.0,2.0,60.0,2
uttarahalli,1025.0,2.0,35.88,2
marathahalli,1230.0,2.0,57.0,2
other,1477.0,2.0,80.0,3
uttarahalli,1150.0,2.0,46.0,2
other,1198.0,2.0,84.0,2
tindlu,1050.0,2.0,55.0,2
badavala nagar,1842.0,3.0,115.0,3
marathahalli,1208.0,2.0,70.0,2
kothanur,1160.0,2.0,57.0,2
bannerghatta road,1476.0,3.0,125.0,3
indira nagar,2400.0,6.0,475.0,6
kanakpura road,1322.0,2.0,70.0,2
rajaji nagar,1200.0,2.0,150.0,2
marathahalli,1350.0,2.0,86.0,2
kasavanhalli,950.0,2.0,39.0,2
kasavanhalli,1719.0,3.0,116.0,3
bannerghatta road,1532.5,3.0,79.465,3
marathahalli,3951.0,4.0,230.0,4
panathur,1210.0,2.0,80.0,2
cv raman nagar,1825.0,3.0,126.0,3
jigani,918.0,2.0,52.0,2
amruthahalli,1100.0,2.0,45.0,2
kambipura,883.0,2.0,39.0,2
subramanyapura,1278.0,3.0,70.0,3
whitefield,1267.0,2.0,90.33,2
other,940.0,2.0,56.0,2
other,1155.0,2.0,69.0,2
haralur road,1194.0,2.0,47.0,2
whitefield,640.0,1.0,19.83,1
other,1348.0,2.0,100.0,2
yelahanka,694.0,1.0,30.84,1
hennur,1255.0,2.0,53.57,2
other,1900.0,3.0,205.0,3
hosur road,1427.0,2.0,80.63,3
kaval byrasandra,1180.0,2.0,60.0,2
budigere,1162.0,2.0,58.0,2
vittasandra,1404.0,2.0,75.0,2
other,3040.0,1.0,180.0,2
hegde nagar,1718.0,3.0,130.0,3
whitefield,840.0,1.0,57.6,1
nehru nagar,1775.0,3.0,110.0,3
ramamurthy nagar,360.0,1.0,26.0,1
koramangala,2223.0,3.0,300.0,3
hegde nagar,1341.0,2.0,97.0,2
hormavu,1018.0,2.0,50.8,2
hennur road,1255.0,2.0,84.0,2
thanisandra,1698.0,3.0,107.0,3
harlur,1386.0,2.0,85.0,2
electronics city phase 1,995.0,2.0,46.0,2
whitefield,1610.0,3.0,81.0,3
green glen layout,1530.0,3.0,105.0,3
panathur,1235.0,2.0,65.0,2
other,1517.0,2.0,125.0,2
other,1350.0,2.0,90.0,2
malleshwaram,2476.0,3.0,337.0,3
sarjapur  road,1830.0,3.0,119.0,3
abbigere,734.0,1.0,19.82,1
hebbal,2790.0,4.0,198.0,4
kengeri,2500.0,4.0,100.0,5
bannerghatta road,1655.0,3.0,90.0,3
banjara layout,1200.0,2.0,70.0,2
other,600.0,1.0,32.0,1
sarjapur  road,1691.0,3.0,98.0,3
hennur,1259.0,2.0,57.0,2
other,4051.0,4.0,345.0,4
bannerghatta road,2826.0,3.0,148.0,3
nagarbhavi,1800.0,3.0,180.0,4
other,1100.0,2.0,65.0,2
nagavara,1125.0,2.0,44.5,2
ramamurthy nagar,3500.0,5.0,150.0,5
hrbr layout,1625.0,3.0,120.0,3
kaggadasapura,1180.0,1.0,50.0,2
margondanahalli,1090.0,2.0,58.0,2
other,2631.0,3.0,200.0,4
kundalahalli,1120.0,2.0,53.76,2
pai layout,810.0,2.0,34.5,2
raja rajeshwari nagar,1021.0,3.0,59.0,3
thanisandra,933.0,2.0,58.0,1
sarjapur  road,1157.0,2.0,72.0,3
battarahalli,1097.0,2.0,49.0,2
whitefield,905.0,1.0,60.0,1
jalahalli east,1260.0,2.0,60.0,3
kanakpura road,525.0,1.0,26.0,1
sarjapur  road,1750.0,3.0,99.0,3
kengeri satellite town,1200.0,2.0,65.0,2
lakshminarayana pura,1179.0,2.0,75.0,2
sarjapur  road,2100.0,3.0,125.0,3
basavangudi,2453.0,3.0,250.0,4
ramagondanahalli,1910.0,3.0,142.0,3
kumaraswami layout,1200.0,3.0,75.0,3
bisuvanahalli,1075.0,2.0,46.0,3
battarahalli,1200.0,2.0,65.0,2
other,596.0,1.0,42.0,1
poorna pragna layout,1160.0,2.0,46.39,2
other,1200.0,3.0,66.0,3
hennur road,1232.0,2.0,87.0,2
ananth nagar,890.0,2.0,27.0,2
vijayanagar,1200.0,2.0,62.0,2
chikkalasandra,1070.0,2.0,45.48,2
kothanur,1070.0,2.0,45.5,2
1st phase jp nagar,1500.0,5.0,85.0,5
electronic city,1700.0,3.0,75.0,3
koramangala,1300.0,2.0,110.0,2
munnekollal,1200.0,2.0,57.9,3
whitefield,709.0,1.0,34.735,1
electronic city phase ii,1418.0,3.0,52.47,3
hegde nagar,2162.03,4.0,129.0,3
hegde nagar,1000.0,2.0,66.0,2
thanisandra,1948.0,3.0,130.0,3
other,1100.0,2.0,78.0,2
bellandur,3600.0,4.0,245.0,4
other,1285.0,2.0,72.5,2
hoodi,1715.0,2.0,100.0,3
hennur road,1975.0,3.0,123.0,3
ramamurthy nagar,600.0,1.0,43.0,1
other,1217.0,2.0,164.0,2
other,1230.0,2.0,75.0,2
other,600.0,3.0,75.0,2
hoodi,1925.0,2.0,114.0,3
dodda nekkundi,1128.0,2.0,45.0,2
whitefield,3410.0,5.0,253.0,4
other,1012.0,2.0,62.0,2
other,4800.0,5.0,420.0,4
begur road,1583.0,3.0,74.4,3
other,1135.0,2.0,68.0,2
7th phase jp nagar,1100.0,2.0,46.0,2
hormavu,1500.0,2.0,78.0,2
other,3600.0,4.0,450.0,4
varthur road,1247.0,2.0,58.0,3
hebbal,1100.0,2.0,54.0,2
hebbal,1645.0,3.0,117.0,3
chikka tirupathi,2325.0,4.0,120.0,4
kadugodi,1198.0,2.0,58.0,2
kathriguppe,1250.0,2.0,68.75,3
kr puram,1155.0,2.0,42.74,2
other,1060.0,3.0,62.0,3
kalena agrahara,1187.0,2.0,52.0,2
other,4041.0,4.0,345.0,4
electronic city,418.0,1.0,12.0,1
old madras road,1171.0,2.0,75.0,2
frazer town,1420.0,2.0,120.0,2
sarjapur  road,1755.0,3.0,122.0,3
marathahalli,1100.0,2.0,75.0,1
raja rajeshwari nagar,1120.0,2.0,37.97,2
sarjapur  road,702.0,1.0,35.8,1
btm layout,1300.0,2.0,75.0,3
subramanyapura,985.0,2.0,58.0,2
hulimavu,1100.0,2.0,71.5,2
tc palaya,900.0,2.0,55.0,2
jigani,927.0,2.0,55.0,2
jalahalli,2086.0,3.0,160.0,3
other,1200.0,3.0,72.0,3
hennur road,2050.0,3.0,120.0,3
other,560.0,1.0,19.0,1
frazer town,1900.0,4.0,145.0,3
electronic city,1108.0,2.0,67.15,2
electronic city,1070.0,2.0,48.0,2
hormavu,1165.0,2.0,40.0,2
haralur road,1202.0,2.0,53.0,2
ananth nagar,500.0,2.0,14.0,1
bommasandra,1034.0,2.0,40.0,2
vijayanagar,1178.0,2.0,82.0,2
whitefield,2225.0,2.0,125.0,3
old madras road,1720.0,3.0,100.0,3
electronic city phase ii,1065.0,2.0,30.88,2
9th phase jp nagar,1331.95,2.0,69.0,2
sarakki nagar,2500.0,4.0,325.0,3
mysore road,1175.0,2.0,73.5,2
vidyaranyapura,1100.0,2.0,75.0,3
other,720.0,1.0,28.0,1
other,1560.0,3.0,188.0,3
whitefield,1150.0,2.0,70.0,2
bannerghatta road,1154.0,2.0,47.0,2
other,1660.0,2.0,105.0,3
kundalahalli,1010.0,2.0,49.27,2
kasavanhalli,4260.0,4.0,272.0,4
raja rajeshwari nagar,1100.0,2.0,55.0,2
kasavanhalli,1214.0,2.0,67.0,2
other,1575.0,4.0,150.0,5
haralur road,2650.0,4.0,198.0,4
sarjapur,950.0,2.0,35.0,2
kr puram,930.0,2.0,39.0,2
kereguddadahalli,600.0,1.0,19.5,1
yelahanka,2675.0,4.0,140.0,4
ramamurthy nagar,1170.0,2.0,44.0,2
hbr layout,1200.0,4.0,115.0,4
gunjur,1457.0,2.0,60.0,2
other,3500.0,3.0,425.0,4
akshaya nagar,1410.0,2.0,75.0,3
billekahalli,950.0,2.0,58.11,2
jakkur,1660.0,3.0,104.0,3
thigalarapalya,1418.0,2.0,105.0,2
hosakerehalli,2376.0,3.0,240.0,3
kodigehaali,1117.0,2.0,56.0,2
harlur,1370.0,2.0,88.0,2
other,1150.0,2.0,74.0,2
haralur road,1056.0,2.0,60.0,2
vijayanagar,1200.0,2.0,75.0,3
other,1115.0,2.0,115.0,2
kaggalipura,950.0,2.0,45.0,2
anjanapura,1070.0,2.0,39.0,2
haralur road,1245.0,2.0,62.0,2
haralur road,1243.0,2.0,46.0,2
other,1458.0,2.0,87.0,3
somasundara palya,1186.0,2.0,72.0,2
jakkur,3181.0,4.0,260.5,4
whitefield,1585.0,3.0,84.0,3
malleshpalya,1140.0,2.0,46.5,2
kundalahalli,1397.0,3.0,105.0,3
kadugodi,3750.0,4.0,210.0,4
begur,1580.0,3.0,75.0,3
vijayanagar,1749.0,3.0,117.0,3
vidyaranyapura,1100.0,2.0,54.0,2
haralur road,1243.0,2.0,46.0,2
other,1596.0,3.0,105.0,3
other,1220.0,2.0,68.0,2
haralur road,1985.0,3.0,130.0,3
sarjapur  road,2600.0,3.0,200.0,3
banaswadi,1105.0,2.0,57.0,2
kasavanhalli,2110.0,4.0,120.0,3
other,1000.0,2.0,60.0,2
cunningham road,3875.0,3.0,864.0,3
ambalipura,1250.0,2.0,66.25,2
raja rajeshwari nagar,1395.0,2.0,72.0,3
yelahanka,1270.0,2.0,78.0,2
9th phase jp nagar,5000.0,4.0,300.0,4
horamavu banaswadi,1610.0,3.0,68.0,3
kogilu,1934.0,3.0,150.0,3
ramagondanahalli,1151.0,2.0,46.0,2
kogilu,1559.0,3.0,127.0,3
kr puram,714.0,1.0,28.0,1
other,1540.0,3.0,85.0,3
uttarahalli,1265.0,2.0,65.0,3
btm 2nd stage,1850.0,3.0,170.0,3
other,950.0,2.0,57.0,2
7th phase jp nagar,1245.0,2.0,94.0,2
other,3500.0,2.0,350.0,4
bannerghatta road,1255.0,2.0,65.26,2
7th phase jp nagar,1675.0,2.0,135.0,3
hennur road,1703.0,3.0,101.0,3
magadi road,940.0,2.0,50.0,2
old airport road,2774.0,4.0,208.0,4
attibele,2400.0,3.0,120.0,3
bannerghatta road,1550.0,3.0,82.0,3
begur road,1160.0,2.0,42.0,2
varthur,1000.0,1.0,65.0,2
sarjapur  road,1845.0,4.0,110.0,3
kalyan nagar,2422.0,3.0,150.0,4
cunningham road,4170.0,3.0,800.0,3
other,1254.0,2.0,70.0,3
7th phase jp nagar,1450.0,2.0,102.0,3
kr puram,2800.0,6.0,110.0,7
other,10030.0,1.0,150.0,1
singasandra,1653.0,3.0,85.0,3
mysore road,1239.0,2.0,53.0,2
other,2360.0,3.0,185.0,4
subramanyapura,929.0,2.0,56.0,2
whitefield,1118.0,2.0,75.0,2
other,2405.0,4.0,260.0,3
kasavanhalli,1691.0,3.0,104.0,3
neeladri nagar,1053.0,2.0,45.0,2
kereguddadahalli,800.0,2.0,28.0,2
hegde nagar,2112.95,4.0,145.0,3
marathahalli,1700.0,3.0,126.0,3
rajiv nagar,2340.0,4.0,148.0,4
electronic city,1128.0,2.0,65.4,2
devanahalli,658.0,1.0,26.91,1
mallasandra,1665.0,3.0,86.58,3
other,1650.0,3.0,165.0,3
rayasandra,583.0,1.0,26.9,1
6th phase jp nagar,1645.0,3.0,100.0,3
other,2171.66,3.0,298.0,3
jakkur,1473.0,2.0,85.0,2
bhoganhalli,1703.0,3.0,120.0,3
kanakpura road,2265.0,3.0,136.0,3
kasturi nagar,2507.0,4.0,155.0,4
other,1280.0,3.0,87.0,3
kaggadasapura,1485.0,2.0,70.0,3
akshaya nagar,1884.0,3.0,98.0,3
kr puram,750.0,2.0,25.0,2
kanakpura road,700.0,2.0,40.0,2
chikkalasandra,1075.0,2.0,46.76,2
begur road,1160.0,2.0,44.0,2
banashankari stage vi,1392.0,3.0,69.46,3
5th phase jp nagar,1350.0,2.0,75.0,3
ramagondanahalli,1235.0,2.0,49.3,2
malleshpalya,1430.0,2.0,69.5,3
bellandur,921.0,2.0,40.0,2
hennur,1255.0,2.0,52.32,2
sarjapur,2020.0,3.0,85.0,3
kaggadasapura,1280.0,2.0,56.0,3
thanisandra,510.0,1.0,25.25,1
sahakara nagar,1200.0,2.0,75.0,3
kadugodi,1762.0,3.0,112.0,3
btm 2nd stage,1274.0,2.0,70.0,2
whitefield,1740.0,4.0,130.0,3
old madras road,1065.0,2.0,47.86,2
chikka tirupathi,2600.0,5.0,120.0,4
electronic city,770.0,1.0,38.0,2
battarahalli,1135.0,2.0,43.0,2
banashankari,2400.0,1.0,200.0,1
chandapura,975.0,2.0,24.86,2
jakkur,2197.0,3.0,136.0,3
seegehalli,3000.0,4.0,240.0,3
bommasandra,877.0,2.0,30.0,2
hormavu,1150.0,2.0,53.11,2
sector 2 hsr layout,1296.0,2.0,75.0,2
hennur road,1385.0,2.0,83.09,2
haralur road,1875.0,3.0,110.0,3
other,925.0,2.0,100.0,2
btm 2nd stage,930.0,2.0,46.0,2
choodasandra,1140.0,2.0,62.0,2
akshaya nagar,1300.0,2.0,66.0,2
other,2170.0,3.0,265.0,4
other,1950.2,3.0,193.0,3
gottigere,1435.0,2.0,62.0,3
dasarahalli,1220.0,2.0,62.0,2
vidyaranyapura,1062.0,2.0,38.0,2
other,824.0,2.0,60.0,2
badavala nagar,1274.0,2.0,81.0,2
lb shastri nagar,665.0,1.0,32.0,1
kalena agrahara,1902.0,3.0,89.0,3
raja rajeshwari nagar,1090.0,2.0,57.0,2
abbigere,995.0,2.0,40.8,2
sarjapur  road,1028.0,2.0,56.0,2
bannerghatta road,960.0,2.0,58.0,2
aecs layout,1005.0,2.0,55.0,2
rajaji nagar,2533.0,3.0,425.0,3
banashankari stage ii,2800.0,3.0,425.0,5
magadi road,884.0,2.0,41.1,2
bellandur,1200.0,2.0,52.0,2
kanakapura,1419.0,3.0,75.0,3
other,530.0,1.0,20.0,1
kundalahalli,1397.0,3.0,108.0,3
uttarahalli,1160.0,2.0,40.58,2
kundalahalli,1047.0,2.0,82.0,2
begur,1411.0,2.0,60.0,3
8th phase jp nagar,1006.0,2.0,44.0,2
electronic city phase ii,1056.0,2.0,39.07,2
other,1800.0,3.0,150.0,3
kudlu,1152.0,2.0,53.5,2
electronic city phase ii,1150.0,3.0,46.0,3
5th phase jp nagar,1700.0,2.0,100.0,3
harlur,1752.12,3.0,133.0,3
bhoganhalli,1670.0,3.0,99.0,3
parappana agrahara,1194.0,2.0,46.0,2
babusapalaya,1230.0,3.0,53.0,3
harlur,1754.0,3.0,132.0,3
haralur road,1243.0,2.0,46.0,2
mico layout,1670.0,3.0,59.0,3
channasandra,1115.0,2.0,40.0,2
sarakki nagar,2663.0,4.0,338.0,3
nagarbhavi,300.0,1.0,20.0,1
jakkur,1125.0,2.0,65.0,2
other,1827.0,3.0,100.0,3
brookefield,1560.0,3.0,149.0,4
kaval byrasandra,1025.0,2.0,60.0,2
sahakara nagar,1914.0,3.0,149.0,3
bhoganhalli,1949.0,3.0,129.0,3
jalahalli east,775.0,1.0,34.1,1
other,1200.0,2.0,120.0,3
old madras road,1225.0,2.0,53.55,2
old madras road,1165.0,2.0,51.42,2
green glen layout,1750.0,3.0,105.0,3
varthur,1210.0,2.0,60.0,2
other,1180.0,2.0,78.34,3
hennur road,1155.0,2.0,69.18,2
begur,1100.0,2.0,55.0,2
kodichikkanahalli,976.0,2.0,50.0,2
other,1200.0,2.0,100.0,3
koramangala,1710.0,3.0,210.0,3
sarjapura - attibele road,2400.0,3.0,85.0,3
kanakpura road,1300.0,3.0,69.0,3
channasandra,1009.0,2.0,38.34,2
other,3155.0,4.0,370.0,3
ramagondanahalli,2257.0,3.0,155.0,3
uttarahalli,1150.0,2.0,49.0,2
kadugodi,1314.0,2.0,68.2,2
kengeri,726.0,2.0,31.0,2
other,1150.0,2.0,90.0,2
raja rajeshwari nagar,1278.0,2.0,53.76,3
kasavanhalli,1717.0,3.0,99.0,3
bannerghatta road,1237.5,2.0,49.49,2
sahakara nagar,1100.0,2.0,75.0,3
other,2400.0,2.0,135.0,2
yelahanka,1556.0,3.0,86.0,3
begur road,1200.0,3.0,50.0,3
electronic city,1152.0,2.0,64.5,2
electronics city phase 1,940.0,2.0,44.0,2
whitefield,825.0,1.0,44.9,1
other,3095.0,3.0,350.0,3
other,1200.0,2.0,74.0,2
budigere,1636.0,3.0,85.0,3
other,998.0,2.0,65.0,2
yelahanka,1465.0,3.0,80.01,3
bommanahalli,1090.0,3.0,44.0,2
whitefield,1562.0,3.0,103.0,3
5th block hbr layout,1100.0,2.0,48.0,2
attibele,550.0,1.0,11.5,1
banashankari,1300.0,2.0,75.0,3
uttarahalli,1200.0,2.0,55.0,2
lingadheeranahalli,1683.0,3.0,110.0,3
other,1630.0,2.0,200.0,2
other,1100.0,2.0,62.7,2
other,1365.0,3.0,99.0,3
old airport road,2658.0,5.0,187.0,4
kasavanhalli,1100.0,2.0,65.0,2
indira nagar,1200.0,2.0,93.0,2
other,1012.0,2.0,59.0,2
sompura,1360.0,2.0,45.0,3
kanakpura road,1495.0,2.0,90.0,2
cv raman nagar,1100.0,2.0,58.0,2
kundalahalli,1065.0,2.0,70.0,2
kammasandra,912.0,2.0,39.0,3
other,1230.0,2.0,68.0,2
hennur,1830.0,2.0,113.0,3
vijayanagar,2047.0,3.0,136.0,3
other,1936.0,3.0,110.0,3
kanakapura,945.0,2.0,47.0,2
other,1313.0,4.0,150.0,3
electronic city phase ii,1000.0,2.0,28.88,2
rajaji nagar,2367.0,3.0,375.0,3
other,1750.0,3.0,149.0,3
frazer town,3100.0,3.0,400.0,3
banashankari,1181.0,2.0,75.0,2
other,1350.0,3.0,81.0,3
tumkur road,1416.0,3.0,94.0,3
yelahanka,1560.0,2.0,98.0,3
kanakpura road,525.0,1.0,30.0,1
banashankari stage v,920.0,2.0,41.5,2
kaggadasapura,1540.0,3.0,75.0,3
karuna nagar,2500.0,3.0,180.0,3
anekal,656.0,2.0,22.0,2
electronic city,1353.0,2.0,75.0,2
electronics city phase 1,940.0,2.0,48.0,2
kothanur,1760.0,3.0,111.0,3
hosur road,1689.0,3.0,103.0,3
ramagondanahalli,845.0,2.0,45.82,2
kundalahalli,1724.0,3.0,125.0,3
bannerghatta road,1893.0,3.0,100.0,3
kambipura,883.0,2.0,39.0,2
jp nagar,1300.0,2.0,90.87,2
r.t. nagar,970.0,2.0,55.0,2
vijayanagar,1520.0,2.0,103.0,3
banaswadi,1222.0,2.0,80.0,2
other,1450.0,2.0,85.0,3
raja rajeshwari nagar,1090.0,2.0,57.0,2
dommasandra,1153.0,2.0,43.5,2
1st phase jp nagar,1205.0,2.0,85.0,2
kasavanhalli,1585.0,2.0,90.0,2
kr puram,1200.0,2.0,71.0,2
doddaballapur,2400.0,3.0,200.0,4
dasanapura,708.0,1.0,41.0,1
balagere,1210.0,2.0,83.0,2
other,1100.0,3.0,78.0,3
yeshwanthpur,1825.0,3.0,145.0,3
aecs layout,1123.0,2.0,64.0,2
other,2000.0,3.0,166.0,4
sarjapur  road,1700.0,3.0,135.0,3
tc palaya,1100.0,2.0,65.0,2
other,3515.0,3.0,420.0,3
kadubeesanahalli,1665.0,3.0,70.0,3
thanisandra,1296.0,2.0,83.0,2
other,1300.0,2.0,95.0,2
chamrajpet,730.0,1.0,52.0,2
amruthahalli,1250.0,2.0,79.0,2
electronic city,870.0,2.0,39.5,2
uttarahalli,1160.0,2.0,45.0,2
other,1170.0,2.0,105.0,2
bannerghatta road,1100.0,2.0,39.0,2
hrbr layout,1145.0,2.0,68.5,2
sahakara nagar,1000.0,2.0,60.0,2
sarjapur,1240.0,2.0,44.0,2
akshaya nagar,1360.0,2.0,85.0,3
hormavu,1175.0,2.0,52.0,2
hebbal,1645.0,3.0,117.0,3
hennur road,1232.0,2.0,69.61,2
choodasandra,1530.0,3.0,77.0,3
other,834.0,1.0,62.0,1
hormavu,1200.0,3.0,70.0,2
raja rajeshwari nagar,1610.0,3.0,74.0,3
electronic city,995.0,2.0,48.0,2
ramamurthy nagar,3700.0,4.0,225.0,4
whitefield,825.0,1.0,45.0,1
kanakapura,711.0,1.0,36.0,1
prithvi layout,1352.0,2.0,75.0,2
beml layout,1200.0,2.0,67.0,2
kaikondrahalli,1342.0,3.0,92.0,3
mico layout,1250.0,2.0,44.0,3
panathur,1198.0,2.0,82.0,2
whitefield,2990.0,3.0,198.0,4
other,1293.0,2.0,80.0,2
kasavanhalli,1349.0,2.0,78.0,2
kaggadasapura,1060.0,2.0,48.0,2
kanakpura road,700.0,2.0,40.0,2
kanakpura road,1665.0,3.0,86.58,3
abbigere,985.0,2.0,40.39,2
thanisandra,580.0,1.0,27.5,1
neeladri nagar,2111.0,3.0,103.0,3
akshaya nagar,1662.0,3.0,85.0,3
balagere,1007.0,2.0,68.0,2
other,1205.0,2.0,70.0,2
anekal,766.0,2.0,28.0,2
kodihalli,2408.0,4.0,260.0,3
akshaya nagar,1412.0,2.0,88.0,3
other,1200.0,3.0,90.0,3
whitefield,4104.0,4.0,360.0,4
thanisandra,662.0,1.0,42.0,1
other,1044.0,2.0,85.0,2
other,1721.0,3.0,93.0,3
horamavu agara,625.0,1.0,27.0,1
green glen layout,1717.0,3.0,125.0,3
whitefield,1216.0,2.0,73.0,2
electronic city phase ii,1549.0,3.0,80.0,3
ulsoor,1340.0,3.0,90.0,3
devanahalli,698.5,1.0,28.57,1
akshaya nagar,1314.0,2.0,68.8,2
bannerghatta road,2700.0,4.0,260.0,4
hosur road,1250.0,2.0,65.0,2
devanahalli,1466.0,3.0,77.59,3
other,1485.0,2.0,156.0,3
other,680.0,2.0,42.0,2
shivaji nagar,850.0,2.0,55.0,2
uttarahalli,1215.0,2.0,52.85,3
yeshwanthpur,1855.0,3.0,140.0,3
raja rajeshwari nagar,1693.0,3.0,71.38,3
9th phase jp nagar,1480.0,2.0,80.0,2
other,1200.0,2.0,140.0,4
hebbal,1700.0,3.0,124.0,3
begur,1443.0,2.0,70.0,3
billekahalli,1805.0,3.0,134.0,3
ardendale,2422.0,4.0,160.0,4
garudachar palya,1060.0,2.0,48.7,2
banashankari stage ii,1200.0,2.0,150.0,4
other,1000.0,2.0,65.0,3
hoodi,1132.0,2.0,67.9,2
epip zone,2330.0,3.0,162.0,3
rachenahalli,1113.0,2.0,55.0,2
banashankari stage ii,1400.0,2.0,100.0,2
bisuvanahalli,1075.0,2.0,43.0,3
brookefield,1089.0,2.0,49.0,2
other,936.0,1.0,53.0,1
sarjapur  road,702.0,1.0,52.0,1
brookefield,1950.0,6.0,175.0,5
kaggadasapura,1400.0,2.0,68.0,3
seegehalli,1830.0,4.0,82.0,3
other,2648.0,3.0,238.0,3
sarjapur,913.0,2.0,36.0,2
yelahanka,1825.0,3.0,105.0,3
sarjapur  road,1846.0,3.0,145.0,3
kadugodi,1314.0,2.0,83.0,2
electronic city phase ii,1790.0,3.0,100.0,3
sultan palaya,1713.0,3.0,125.0,3
kaval byrasandra,1020.0,2.0,52.0,2
old airport road,2690.0,4.0,199.0,4
jp nagar,1048.0,2.0,44.0,2
varthur,965.0,2.0,34.0,2
other,1600.0,3.0,100.0,3
varthur,1035.0,2.0,60.0,2
tc palaya,1000.0,2.0,70.0,2
vittasandra,1238.0,2.0,67.0,2
frazer town,2079.0,3.0,220.0,3
marathahalli,1100.0,2.0,50.0,2
garudachar palya,1295.0,2.0,59.5,3
other,800.0,2.0,85.0,2
hoodi,1447.0,3.0,76.0,2
gottigere,1618.0,3.0,82.5,3
other,400.0,1.0,35.0,1
gottigere,1170.0,2.0,40.0,2
other,686.0,1.0,17.0,1
attibele,400.0,1.0,10.0,1
sanjay nagar,960.0,2.0,55.0,2
jalahalli,1000.0,2.0,70.0,2
hulimavu,1255.0,2.0,69.0,2
cv raman nagar,1400.0,2.0,78.0,3
sarjapur  road,1200.0,3.0,70.0,3
kanakpura road,1600.0,3.0,90.0,3
jalahalli,1932.0,4.0,135.0,3
banashankari stage iii,1085.0,2.0,50.0,2
5th phase jp nagar,552.0,1.0,23.5,1
harlur,1762.0,3.0,133.0,3
hormavu,1130.0,2.0,42.3,2
other,1600.0,3.0,130.0,3
bellandur,1205.0,2.0,59.0,2
kasavanhalli,1121.0,2.0,75.0,2
garudachar palya,1295.0,2.0,59.5,3
haralur road,1027.0,2.0,43.0,2
abbigere,2500.0,6.0,81.0,6
choodasandra,1215.0,2.0,59.0,2
horamavu agara,1150.0,2.0,42.0,2
brookefield,1594.0,3.0,140.0,3
panathur,1050.0,2.0,60.0,2
rachenahalli,1050.0,2.0,52.08,2
7th phase jp nagar,1187.0,2.0,59.0,2
rachenahalli,412.5,1.0,19.8,1
dodda nekkundi,1135.0,2.0,58.0,2
sahakara nagar,1100.0,2.0,55.0,2
other,600.0,1.0,45.0,1
electronics city phase 1,1015.0,2.0,56.0,2
malleshpalya,1052.0,2.0,50.0,2
kengeri satellite town,750.0,2.0,33.0,2
hebbal,2790.0,5.0,204.0,4
sarjapura - attibele road,1676.0,3.0,52.0,3
lb shastri nagar,1184.0,2.0,62.0,2
chandapura,800.0,2.0,25.0,2
7th phase jp nagar,1050.0,2.0,71.0,2
electronic city,1355.0,2.0,67.0,2
bisuvanahalli,1075.0,2.0,45.0,3
hebbal,2790.0,5.0,198.0,4
bellandur,1051.0,2.0,60.0,2
other,1380.0,2.0,75.0,2
hebbal kempapura,1600.0,3.0,170.0,3
tc palaya,1350.0,1.0,55.0,1
channasandra,1104.0,2.0,35.5,2
babusapalaya,1611.0,2.0,66.0,3
marathahalli,3400.0,4.0,235.0,4
talaghattapura,2099.0,3.0,147.0,3
vittasandra,1238.0,2.0,67.32,2
other,1188.0,2.0,73.0,2
hosa road,1016.0,2.0,45.0,2
electronic city phase ii,1090.0,2.0,31.48,2
pattandur agrahara,1302.0,2.0,66.0,2
6th phase jp nagar,1460.0,2.0,80.0,2
pai layout,1000.0,2.0,34.0,2
tumkur road,1459.0,2.0,95.0,3
sarjapura - attibele road,1329.0,2.0,45.95,3
doddakallasandra,1010.0,2.0,40.4,2
other,2872.0,4.0,183.0,4
varthur,1125.0,2.0,40.0,2
other,2150.0,3.0,240.0,3
balagere,1210.0,2.0,72.0,2
hosakerehalli,1817.0,4.0,153.0,3
kaval byrasandra,997.0,2.0,53.0,2
old airport road,3504.0,4.0,262.0,4
doddathoguru,550.0,1.0,17.0,1
harlur,1174.0,2.0,69.0,2
domlur,1800.0,3.0,150.0,3
bannerghatta road,1150.0,2.0,55.0,2
whitefield,1457.0,2.0,105.0,3
raja rajeshwari nagar,1140.0,2.0,48.7,2
chandapura,645.0,1.0,16.45,1
ananth nagar,930.0,2.0,25.99,2
anandapura,1151.0,2.0,42.9,2
kudlu gate,1535.0,3.0,85.0,3
kr puram,1550.0,2.0,71.0,2
kammanahalli,2900.0,4.0,200.0,4
mahadevpura,1150.0,2.0,52.0,2
sanjay nagar,1900.0,2.0,180.0,3
battarahalli,1636.0,2.0,82.89,2
sarjapur  road,1150.0,2.0,77.0,2
other,1296.0,2.0,70.0,2
electronic city,700.0,1.0,35.0,1
whitefield,1340.0,2.0,101.0,2
other,1200.0,3.0,95.0,3
sarjapur  road,1691.0,3.0,100.0,3
sarjapur  road,2425.0,5.0,175.0,4
electronic city,1128.0,2.0,65.7,2
vasanthapura,1022.0,2.0,40.0,2
brookefield,1150.0,2.0,69.0,2
whitefield,750.0,1.0,51.0,1
nagavarapalya,1300.0,3.0,80.0,3
anekal,888.0,2.0,34.0,2
ramamurthy nagar,1200.0,2.0,80.0,2
rajaji nagar,1718.0,3.0,275.0,2
kanakpura road,1290.0,2.0,74.0,2
magadi road,1116.0,2.0,51.89,2
electronic city,1500.0,2.0,78.0,3
sarjapur  road,1026.0,2.0,60.8,2
yelahanka,1491.0,3.0,85.0,3
jp nagar,750.0,1.0,52.5,1
hosakerehalli,2480.0,3.0,245.0,3
green glen layout,1752.0,3.0,105.0,3
electronic city,1060.0,2.0,55.0,2
7th phase jp nagar,1850.0,3.0,140.0,3
sarjapur  road,1346.0,2.0,71.32,2
judicial layout,900.0,2.0,40.0,2
nehru nagar,2342.0,3.0,115.0,4
margondanahalli,1140.0,2.0,60.0,2
other,813.0,1.0,39.0,1
banashankari stage iii,1305.0,2.0,58.7,3
chandapura,645.0,1.0,16.45,1
other,3600.0,4.0,365.0,4
hennur,1255.0,2.0,55.5,2
electronic city phase ii,1000.0,2.0,28.88,2
rajaji nagar,2448.0,3.0,400.0,3
other,1200.0,2.0,70.0,3
jalahalli,615.0,1.0,46.0,1
yeshwanthpur,1500.0,3.0,100.0,3
whitefield,1740.0,3.0,95.0,3
other,3000.0,3.0,300.0,4
talaghattapura,2099.0,3.0,134.0,3
7th phase jp nagar,1100.0,3.0,60.0,2
lb shastri nagar,1400.0,2.0,80.0,3
mahalakshmi layout,1200.0,2.0,110.0,3
yeshwanthpur,2500.0,5.0,185.0,6
marathahalli,1525.0,3.0,90.0,3
whitefield,1216.0,2.0,82.0,2
other,880.0,2.0,48.0,2
kogilu,650.0,2.0,28.0,2
other,3520.0,6.0,460.0,5
harlur,1758.0,3.0,133.0,3
old airport road,2732.0,4.0,204.0,4
thigalarapalya,4190.0,4.0,325.0,4
kengeri,750.0,2.0,40.0,2
5th block hbr layout,3600.0,5.0,130.0,5
bannerghatta road,1247.0,2.0,47.39,2
whitefield,1220.0,2.0,89.0,2
giri nagar,2400.0,4.0,400.0,4
babusapalaya,1061.0,2.0,34.0,2
gottigere,1010.0,2.0,35.0,2
nagavara,2319.0,3.0,180.0,3
sarjapur  road,1340.0,2.0,75.0,2
hosakerehalli,1200.0,2.0,100.0,3
hulimavu,1300.0,2.0,36.0,2
other,1100.0,2.0,60.0,2
electronic city,1070.0,2.0,52.0,2
mallasandra,1340.0,2.0,61.0,2
indira nagar,1224.0,2.0,105.0,2
hosakerehalli,3205.0,4.0,300.0,4
other,1893.0,3.0,115.0,3
old airport road,2732.0,4.0,204.0,4
jakkur,1760.0,3.0,139.0,3
balagere,656.0,1.0,43.0,1
rajaji nagar,2300.0,3.0,369.0,3
bommasandra industrial area,1020.0,2.0,29.45,2
raja rajeshwari nagar,1419.0,2.0,48.1,2
ambedkar nagar,1425.0,2.0,94.0,2
other,1594.0,3.0,99.0,3
raja rajeshwari nagar,1608.0,2.0,85.0,2
dasanapura,965.0,2.0,42.5,2
uttarahalli,1330.0,2.0,56.0,3
other,1100.0,2.0,64.08,2
bannerghatta road,1275.0,2.0,65.0,2
kodichikkanahalli,1125.0,2.0,52.0,2
kundalahalli,1047.0,2.0,91.0,2
hennur road,1232.0,2.0,74.0,2
other,1020.0,2.0,62.0,2
begur road,1500.0,2.0,55.0,3
chamrajpet,1350.0,2.0,180.0,2
babusapalaya,1141.0,2.0,45.9,2
brookefield,1746.0,3.0,115.0,3
iblur village,1920.0,3.0,130.0,3
singasandra,1300.0,2.0,65.0,2
whitefield,605.0,1.0,40.0,1
green glen layout,1750.0,3.0,120.0,3
kanakpura road,1339.0,2.0,85.0,2
btm layout,1150.0,2.0,63.0,2
other,900.0,2.0,55.0,2
other,1275.0,2.0,76.0,2
yeshwanthpur,671.0,1.0,36.85,1
whitefield,3480.0,4.0,284.0,3
sahakara nagar,1100.0,2.0,75.0,3
rachenahalli,1050.0,2.0,53.5,2
hebbal,1420.0,2.0,99.26,2
kudlu,2100.0,3.0,114.0,4
hennur road,1480.0,2.0,65.0,2
hsr layout,1372.0,2.0,61.0,2
ananth nagar,1010.0,2.0,38.0,2
other,1200.0,4.0,165.0,4
chandapura,800.0,1.0,30.0,2
rajaji nagar,1800.0,3.0,260.0,3
other,1600.0,3.0,90.0,3
haralur road,1875.0,3.0,110.0,3
raja rajeshwari nagar,1196.0,2.0,40.54,2
yelahanka,827.5,1.0,42.535,1
kannamangala,957.0,2.0,56.0,2
kengeri,1192.0,2.0,53.5,2
yelahanka new town,1610.0,3.0,92.0,3
koramangala,1975.0,3.0,210.0,3
7th phase jp nagar,1050.0,2.0,75.0,2
subramanyapura,1260.0,2.0,75.0,3
other,800.0,1.0,52.0,1
other,1200.0,3.0,130.0,3
yeshwanthpur,1277.5,2.0,95.815,2
other,1200.0,1.0,48.0,1
hegde nagar,1847.0,3.0,135.0,3
hebbal,1760.0,2.0,130.0,3
other,2700.0,2.0,260.0,3
kengeri,416.0,1.0,19.5,1
other,1013.0,2.0,60.0,2
gunjur,2000.0,3.0,95.0,4
lakshminarayana pura,1200.0,2.0,80.0,2
electronic city,919.0,2.0,40.0,2
electronic city phase ii,900.0,2.0,32.5,2
pattandur agrahara,1550.0,2.0,80.0,3
kaggadasapura,1000.0,2.0,43.0,2
hennur road,1904.0,3.0,129.0,3
1st block jayanagar,1630.0,3.0,194.0,3
kr puram,1075.0,2.0,32.25,2
electronics city phase 1,1113.27,2.0,53.0,2
other,2300.0,4.0,200.0,4
kammanahalli,2845.0,5.0,140.0,5
ananth nagar,870.0,2.0,36.0,2
other,2050.0,3.0,135.0,3
ramamurthy nagar,1185.0,2.0,45.5,2
hebbal,1040.0,2.0,55.0,2
electronic city,1250.0,2.0,62.0,2
sarjapur  road,1418.0,2.0,78.0,2
kalena agrahara,1450.0,2.0,85.0,3
old madras road,935.0,2.0,45.0,2
hormavu,1020.0,2.0,45.75,2
kasavanhalli,1200.0,2.0,78.0,2
whitefield,1195.0,2.0,70.0,2
hegde nagar,1801.0,3.0,115.0,3
sector 7 hsr layout,3900.0,3.0,300.0,3
other,1732.5,3.0,91.855,3
bhoganhalli,1707.0,3.0,115.0,3
kodichikkanahalli,1400.0,3.0,66.0,3
other,812.0,1.0,26.0,1
other,1200.0,4.0,140.0,4
other,1145.0,2.0,63.0,2
hebbal,1333.0,2.0,100.0,2
jp nagar,1300.0,2.0,91.65,2
thigalarapalya,3122.0,5.0,225.0,4
kudlu gate,1535.0,3.0,83.0,3
hebbal,1645.0,3.0,117.0,3
kathriguppe,1350.0,2.0,87.01,3
bannerghatta road,1450.0,2.0,87.0,3
gottigere,1100.0,2.0,40.0,2
harlur,1200.0,2.0,52.0,2
other,745.0,2.0,50.0,2
haralur road,1027.0,2.0,44.0,2
ambedkar nagar,1950.0,4.0,120.0,3
7th phase jp nagar,1040.0,2.0,75.0,2
harlur,1174.0,2.0,75.0,2
other,880.0,1.0,90.0,2
other,2200.0,2.0,190.0,3
electronic city,1652.0,3.0,70.0,3
other,1180.0,2.0,65.0,2
raja rajeshwari nagar,1160.0,2.0,70.0,2
hennur road,2089.0,3.0,140.0,3
aecs layout,1028.0,2.0,42.0,2
whitefield,2025.0,4.0,115.0,3
7th phase jp nagar,1080.0,2.0,72.0,2
banashankari,1900.0,2.0,170.0,3
banashankari,1450.0,2.0,50.75,2
bannerghatta road,1654.0,3.0,100.0,3
kenchenahalli,1150.0,2.0,60.0,2
pattandur agrahara,1247.0,2.0,59.8,2
other,1092.0,2.0,98.5,3
green glen layout,1715.0,3.0,115.0,3
kr puram,2000.0,2.0,75.0,2
electronic city phase ii,1300.0,2.0,28.0,2
whitefield,530.0,1.0,29.44,1
marsur,1200.0,3.0,120.0,3
old airport road,2774.0,4.0,208.0,4
other,2048.0,3.0,206.0,3
brookefield,1270.0,2.0,95.0,2
whitefield,3200.0,4.0,224.0,4
yelahanka,1175.0,2.0,67.77,2
bellandur,1785.0,3.0,120.0,3
bisuvanahalli,1080.0,2.0,45.0,3
sarjapur  road,1550.0,2.0,89.0,3
electronic city,1108.0,2.0,63.0,2
lingadheeranahalli,2245.0,4.0,154.0,4
electronic city,1070.0,2.0,55.0,2
badavala nagar,1494.0,2.0,94.55,3
basavangudi,1560.0,2.0,145.0,2
kodihalli,3197.0,5.0,335.0,4
electronic city,1070.0,2.0,57.0,2
other,1450.0,2.0,89.6,3
electronic city,1571.0,3.0,83.0,3
dasarahalli,1375.0,2.0,60.0,2
hennur road,1445.0,3.0,86.56,3
9th phase jp nagar,890.0,2.0,45.0,2
ramagondanahalli,2787.0,5.0,220.0,4
gottigere,1385.0,3.0,64.0,3
chikkalasandra,1230.0,2.0,48.0,2
ulsoor,1255.0,2.0,120.0,2
harlur,1752.12,3.0,116.0,3
akshaya nagar,1434.0,3.0,84.0,3
ambalipura,1351.0,2.0,77.0,2
frazer town,2400.0,3.0,260.0,3
electronic city,2093.0,4.0,104.0,4
other,1040.0,2.0,78.0,2
uttarahalli,1250.0,2.0,55.0,3
kasavanhalli,1100.0,2.0,68.0,2
garudachar palya,1060.0,2.0,48.66,2
kr puram,1200.0,2.0,75.0,2
hennur road,1482.0,2.0,92.0,3
uttarahalli,1390.0,2.0,61.16,3
hoskote,1225.0,3.0,40.0,3
cv raman nagar,1560.0,2.0,85.0,2
sarjapur,1425.0,3.0,57.0,3
attibele,1700.0,3.0,65.0,3
other,1168.0,3.0,70.0,3
kathriguppe,1250.0,2.0,68.75,2
other,420.0,1.0,23.5,1
other,2274.24,4.0,160.0,3
bisuvanahalli,1075.0,2.0,52.0,3
kodigehaali,2120.0,3.0,177.0,3
thanisandra,1595.0,3.0,110.0,3
9th phase jp nagar,1719.3,2.0,88.0,3
kengeri,900.0,2.0,45.0,2
brookefield,1130.0,2.0,56.0,2
kogilu,700.0,1.0,30.84,1
bisuvanahalli,845.0,2.0,30.0,2
bellandur,1685.0,3.0,100.0,3
electronic city,1128.0,2.0,63.5,2
sarjapur  road,1346.0,2.0,74.03,2
other,1738.0,3.0,110.0,3
hebbal,1150.0,2.0,57.0,2
harlur,1152.0,2.0,69.0,2
haralur road,1300.0,2.0,60.0,2
whitefield,1836.0,3.0,125.0,3
other,1000.0,2.0,97.0,2
electronics city phase 1,1175.0,2.0,57.0,2
domlur,1950.0,3.0,165.0,3
whitefield,1570.0,3.0,88.0,3
sarjapur  road,3418.0,3.0,235.0,4
kundalahalli,2500.0,5.0,245.0,4
koramangala,1320.0,2.0,160.0,2
hennur road,1155.0,2.0,69.18,2
6th phase jp nagar,1515.0,2.0,135.0,3
other,1170.0,2.0,68.0,2
electronic city,1128.0,2.0,64.0,2
kengeri,502.0,1.0,25.0,1
singasandra,1476.0,2.0,73.0,3
banashankari stage iii,1480.0,3.0,75.48,3
kengeri satellite town,985.0,2.0,42.0,2
hebbal kempapura,2900.0,4.0,300.0,3
munnekollal,1560.0,3.0,75.0,3
hebbal kempapura,1725.0,2.0,165.0,3
electronics city phase 1,1555.0,2.0,82.0,3
electronic city phase ii,1031.0,2.0,54.48,2
somasundara palya,1185.0,2.0,70.0,2
other,1719.0,3.0,95.0,3
kengeri satellite town,1635.0,2.0,78.0,3
beml layout,2400.0,2.0,228.0,2
jigani,1221.0,3.0,72.0,3
electronic city phase ii,972.0,2.0,40.0,2
jakkur,1230.0,2.0,76.0,2
kaggadasapura,1140.0,2.0,46.0,2
begur road,1500.0,2.0,70.0,3
mysore road,1237.0,2.0,73.0,2
thanisandra,777.0,1.0,38.535,1
battarahalli,1300.0,2.0,50.0,2
konanakunte,1200.0,4.0,125.0,4
other,1824.0,3.0,125.0,3
sarjapur,900.0,2.0,27.98,2
sarjapur,1200.0,3.0,78.0,3
kumaraswami layout,3200.0,7.0,150.0,7
chandapura,1033.0,2.0,30.47,3
ardendale,3200.0,4.0,205.0,4
other,1500.0,2.0,200.0,3
sarjapur  road,1592.0,3.0,91.0,3
other,1280.0,2.0,69.0,2
kumaraswami layout,1310.0,2.0,70.0,3
bannerghatta road,1250.0,2.0,48.0,2
hormavu,1153.0,2.0,65.0,2
sarjapur,1020.0,2.0,35.0,2
channasandra,808.0,2.0,40.0,2
devarachikkanahalli,1705.0,3.0,75.0,3
9th phase jp nagar,1050.0,2.0,39.0,2
sarjapur  road,1311.0,2.0,78.0,2
kaggalipura,950.0,2.0,60.0,2
brookefield,1225.0,2.0,72.0,2
sarjapur  road,1850.0,3.0,140.0,3
kammasandra,1500.0,3.0,65.0,3
bommasandra,920.0,2.0,37.2,2
other,1200.0,2.0,82.0,2
other,840.0,1.0,99.0,2
marathahalli,1325.0,2.0,71.55,2
gunjur,1235.0,2.0,44.5,2
gunjur,1140.0,2.0,49.11,2
devarachikkanahalli,947.0,2.0,43.0,2
hennur road,1831.0,3.0,110.0,3
other,1903.0,3.0,165.0,3
nri layout,1125.0,2.0,45.56,2
banaswadi,870.0,2.0,38.0,2
indira nagar,2400.0,4.0,405.0,4
kodihalli,3252.0,5.0,335.0,4
other,1533.0,3.0,85.0,3
tumkur road,1240.0,2.0,79.0,3
varthur,1180.0,2.0,55.0,2
kr puram,1115.0,2.0,33.45,2
hsr layout,1300.0,2.0,98.0,2
bellandur,1049.0,2.0,51.0,2
mysore road,940.0,2.0,43.61,2
hebbal,3067.0,4.0,230.0,4
other,1600.0,5.0,140.0,5
ambedkar nagar,1856.0,3.0,120.0,3
kambipura,883.0,2.0,37.0,2
nagavarapalya,1260.0,2.0,85.5,2
hoodi,706.0,1.0,48.24,1
electronics city phase 1,755.0,1.0,42.41,1
whitefield,1270.0,2.0,105.0,2
shampura,1400.0,3.0,70.0,3
tc palaya,1200.0,2.0,65.0,2
dodda nekkundi,1148.0,2.0,56.0,2
7th phase jp nagar,850.0,2.0,42.0,2
raja rajeshwari nagar,1295.0,2.0,43.9,2
other,1550.0,4.0,120.0,4
other,1200.0,4.0,85.0,4
yelahanka,1300.0,2.0,69.23,2
mallasandra,1325.0,2.0,70.0,2
malleshpalya,1210.0,2.0,55.0,2
kr puram,1000.0,2.0,44.5,2
other,1500.0,3.0,149.0,3
kasavanhalli,1200.0,2.0,50.3,2
channasandra,1000.0,2.0,35.0,2
hennur road,1100.0,2.0,78.0,3
other,1489.0,2.0,101.0,2
other,648.0,1.0,40.0,1
haralur road,1650.0,3.0,100.0,3
bellandur,1281.0,2.0,87.0,2
dodda nekkundi,1145.0,2.0,46.5,2
hennur road,1460.0,2.0,80.3,2
bellandur,950.0,1.0,40.0,1
hosa road,1016.0,2.0,40.0,2
other,1907.0,2.0,200.0,3
channasandra,1050.0,2.0,44.41,2
9th phase jp nagar,1522.0,3.0,90.0,3
electronic city,1258.0,2.0,85.5,2
other,1380.0,2.0,80.0,2
kengeri satellite town,1302.5,2.0,44.285,2
vittasandra,1246.0,2.0,65.0,2
hulimavu,1125.0,2.0,50.0,2
kambipura,883.0,2.0,39.0,2
yelahanka new town,960.0,2.0,50.0,2
electronic city phase ii,1025.0,2.0,26.65,2
9th phase jp nagar,1200.0,2.0,80.0,2
banjara layout,753.0,3.0,59.5,2
gollarapalya hosahalli,1129.0,2.0,50.0,2
thigalarapalya,1418.0,2.0,106.0,2
gottigere,2500.0,3.0,120.0,4
other,1430.0,2.0,78.65,3
other,1650.0,3.0,135.0,3
iblur village,3235.0,3.0,235.0,3
channasandra,1330.0,2.0,51.83,3
marathahalli,1075.0,2.0,52.43,2
dodda nekkundi,1260.0,2.0,55.0,2
kothanur,1094.0,2.0,54.0,2
hebbal,1255.0,2.0,90.0,3
doddathoguru,1783.0,3.0,85.0,3
attibele,395.0,1.0,10.25,1
other,1700.0,3.0,111.0,3
other,1800.0,3.0,220.0,3
bannerghatta,1776.0,3.0,124.0,3
kodichikkanahalli,1495.0,2.0,75.0,3
lingadheeranahalli,1521.0,3.0,95.0,3
nagavara,1077.0,2.0,50.0,2
hennur,1041.0,2.0,40.6,2
panathur,1205.0,2.0,62.9,2
other,1550.0,3.0,110.0,3
sarjapur  road,1965.0,3.0,120.0,3
mahadevpura,1505.0,3.0,78.0,3
devarachikkanahalli,1250.0,2.0,40.0,2
other,4800.0,5.0,629.0,4
koramangala,1200.0,2.0,100.0,2
raja rajeshwari nagar,945.0,2.0,45.0,2
chandapura,1208.51,3.0,42.0,3
other,1100.0,2.0,85.0,2
electronic city,1449.0,3.0,100.0,3
hegde nagar,2144.6,4.0,145.0,3
varthur road,1050.0,2.0,42.7,2
marathahalli,1583.0,3.0,109.0,3
kanakapura,1699.0,3.0,97.0,3
thanisandra,1917.0,4.0,113.0,3
electronic city,1342.0,2.0,73.3,2
other,1020.0,2.0,70.0,2
other,1175.0,2.0,83.0,2
other,1200.0,2.0,68.0,2
uttarahalli,1085.0,2.0,43.0,2
jalahalli,1045.0,2.0,76.77,2
epip zone,1280.0,2.0,69.0,2
other,1175.0,2.0,79.0,2
kaggalipura,950.0,2.0,48.0,2
nagarbhavi,1050.0,2.0,80.0,2
other,2100.0,4.0,155.0,4
sarjapur  road,1350.0,2.0,102.0,2
raja rajeshwari nagar,510.0,1.0,22.0,1
other,6729.0,4.0,900.0,3
electronic city phase ii,829.0,2.0,22.8,2
8th phase jp nagar,1504.0,2.0,83.0,3
budigere,1139.0,2.0,56.85,2
ramamurthy nagar,2200.0,4.0,130.0,4
jp nagar,1250.0,2.0,60.0,2
aecs layout,1308.0,2.0,60.0,2
kanakapura,2130.0,4.0,120.0,4
dasanapura,708.0,2.0,37.0,2
bisuvanahalli,845.0,2.0,37.0,2
rajaji nagar,1640.0,3.0,262.0,3
electronic city,1060.0,2.0,55.0,2
other,595.0,1.0,40.0,1
frazer town,2350.0,4.0,285.0,3
chandapura,1015.0,2.0,25.88,2
kathriguppe,1350.0,3.0,78.3,3
electronic city phase ii,775.0,2.0,38.0,2
kanakpura road,700.0,2.0,36.0,2
raja rajeshwari nagar,1196.0,2.0,40.54,2
jigani,918.0,2.0,45.0,2
kanakpura road,1300.0,3.0,69.0,3
kr puram,1035.0,2.0,40.0,2
ambedkar nagar,1920.0,4.0,121.0,3
sarjapur,1200.0,2.0,62.0,2
7th phase jp nagar,1450.0,3.0,100.0,3
chikkalasandra,1100.0,2.0,50.0,2
singasandra,1510.0,3.0,75.0,3
kodichikkanahalli,907.0,2.0,38.5,2
aecs layout,1199.0,2.0,65.0,2
sector 2 hsr layout,1231.0,2.0,66.0,2
7th phase jp nagar,1575.0,2.0,120.0,3
pai layout,1050.0,2.0,40.0,2
sarjapur,1333.0,3.0,50.0,3
haralur road,1300.0,2.0,79.0,2
subramanyapura,1330.0,3.0,72.0,3
kumaraswami layout,850.0,1.0,78.0,1
gottigere,1153.0,2.0,48.5,2
kr puram,1470.0,2.0,86.0,2
sarjapur  road,2275.0,4.0,182.0,3
other,1537.0,3.0,110.0,3
uttarahalli,1345.0,2.0,57.0,3
thanisandra,965.0,2.0,54.0,2
sarjapur  road,1200.0,3.0,95.0,3
nri layout,1789.0,3.0,75.0,3
hosakerehalli,2400.0,5.0,250.0,5
other,1050.0,2.0,65.0,2
abbigere,2200.0,6.0,68.0,6
other,900.0,2.0,70.0,2
marathahalli,1690.0,3.0,116.0,3
devanahalli,1010.0,2.0,58.0,2
marathahalli,1019.0,2.0,49.86,2
yeshwanthpur,1313.0,3.0,96.0,3
sarjapur  road,1195.0,2.0,70.0,2
balagere,790.5,1.0,41.9,1
marathahalli,3800.0,4.0,235.0,4
kasavanhalli,1375.0,2.0,78.0,2
ananth nagar,1100.0,2.0,31.5,2
gottigere,1300.0,3.0,65.0,3
bommasandra,1035.0,2.0,41.73,2
badavala nagar,1494.0,2.0,94.55,3
electronic city,1360.0,2.0,64.99,3
neeladri nagar,1060.0,2.0,35.0,2
7th phase jp nagar,1650.0,3.0,110.0,3
sarjapur  road,1693.0,3.0,125.0,3
sarjapur  road,1323.0,2.0,74.0,2
kammasandra,930.0,2.0,25.0,2
2nd phase judicial layout,1150.0,2.0,40.25,2
other,1200.0,3.0,70.0,3
devanahalli,1010.0,2.0,51.0,2
kambipura,883.0,2.0,37.01,2
devarachikkanahalli,615.0,1.0,24.0,1
hulimavu,1200.0,4.0,75.0,4
hebbal,1299.0,2.0,97.0,2
other,850.0,2.0,75.0,2
hebbal,2790.0,5.0,198.0,4
talaghattapura,1100.0,2.0,50.0,2
rajaji nagar,2386.0,3.0,334.0,3
kammanahalli,700.0,1.0,59.0,1
raja rajeshwari nagar,1128.0,2.0,38.24,2
kumaraswami layout,2000.0,4.0,139.0,4
hennur road,1250.0,2.0,77.88,3
other,2400.0,5.0,235.0,5
other,1075.0,2.0,58.0,2
other,1485.0,2.0,110.0,3
other,1500.0,2.0,98.0,3
sarjapur  road,1819.0,3.0,100.0,3
other,3760.0,2.0,280.0,2
shampura,1700.0,3.0,75.0,3
sarjapur  road,1280.0,2.0,76.0,2
kundalahalli,1397.0,3.0,104.0,3
prithvi layout,1352.0,3.0,93.0,2
hebbal,1138.0,2.0,110.0,2
kundalahalli,1600.0,3.0,170.0,3
sarjapur  road,1800.0,3.0,110.0,3
sarjapur  road,1367.0,2.0,80.0,2
bommasandra industrial area,1000.0,2.0,28.88,2
raja rajeshwari nagar,1090.0,2.0,42.0,2
hebbal kempapura,1800.0,3.0,150.0,3
sarjapur  road,1881.0,3.0,145.0,3
akshaya nagar,1265.0,2.0,67.0,2
other,375.0,1.0,40.0,1
hennur road,2264.0,3.0,159.0,3
harlur,1197.0,2.0,79.9,2
sarjapur  road,1984.0,4.0,148.0,3
chandapura,1200.0,2.0,36.0,2
thubarahalli,1200.0,2.0,79.55,2
chamrajpet,1565.0,3.0,98.91,3
vidyaranyapura,1200.0,2.0,60.5,2
billekahalli,2400.0,3.0,150.0,3
thigalarapalya,1400.0,2.0,105.0,2
kasavanhalli,1375.0,2.0,72.0,2
kodichikkanahalli,1299.0,2.0,58.0,2
ombr layout,1050.0,2.0,48.0,2
other,1300.0,2.0,80.0,3
babusapalaya,1245.0,2.0,58.0,2
hebbal,1662.0,3.0,155.0,3
8th phase jp nagar,1059.0,2.0,34.5,2
doddathoguru,925.0,2.0,30.0,2
uttarahalli,1460.0,3.0,76.0,3
hoskote,1740.0,3.0,60.0,3
nagarbhavi,1145.0,2.0,40.0,2
other,1160.0,2.0,75.0,2
kengeri satellite town,930.0,1.0,30.0,1
rajaji nagar,1763.0,3.0,262.0,2
kr puram,1057.0,2.0,30.0,2
magadi road,884.0,2.0,48.0,2
jakkur,1290.0,2.0,85.0,2
other,1200.0,1.0,48.0,1
thigalarapalya,1830.0,4.0,135.0,3
other,2100.0,6.0,275.0,6
sarjapur,1150.0,2.0,41.0,2
hegde nagar,1847.0,3.0,123.0,3
hegde nagar,1703.0,3.0,113.0,3
hebbal,1075.0,2.0,52.0,2
btm 2nd stage,1147.0,2.0,75.0,2
kr puram,1076.0,2.0,67.0,2
nagarbhavi,1225.0,2.0,58.0,2
kanakapura,929.0,2.0,46.0,2
begur road,1240.0,2.0,39.06,2
hegde nagar,1847.0,3.0,125.0,3
kumaraswami layout,1310.0,2.0,85.0,3
kereguddadahalli,1015.0,2.0,35.0,2
whitefield,516.0,1.0,39.0,1
nagavara,1247.0,2.0,58.56,2
devarachikkanahalli,1170.0,2.0,40.0,2
other,1200.0,4.0,135.0,4
sarjapur  road,1489.0,2.0,82.0,3
koramangala,1320.0,2.0,150.0,2
other,1117.0,2.0,110.0,2
kanakpura road,1420.0,2.0,75.0,3
kanakpura road,525.0,1.0,27.25,1
other,930.0,1.0,55.0,2
other,1308.0,2.0,86.0,2
other,1210.0,2.0,76.0,2
horamavu agara,1145.0,2.0,41.21,2
other,1080.0,2.0,64.0,2
devanahalli,775.0,1.0,39.0,1
other,1280.0,4.0,115.0,4
other,1495.0,3.0,200.0,3
sarjapur  road,3044.0,3.0,183.0,3
vittasandra,1246.0,2.0,67.4,2
babusapalaya,1410.0,2.0,65.0,3
haralur road,1243.0,2.0,46.0,2
other,7000.0,6.0,560.0,6
hennur,1830.5,3.0,84.205,3
lingadheeranahalli,1519.0,3.0,93.0,3
other,1000.0,2.0,55.0,2
choodasandra,1560.0,3.0,78.0,3
binny pete,1740.0,3.0,150.0,3
6th phase jp nagar,1280.0,2.0,88.0,2
kalena agrahara,980.0,2.0,40.0,2
vishveshwarya layout,2000.0,3.0,90.0,4
jigani,943.0,2.0,48.0,2
kothanur,1145.0,2.0,56.0,2
marathahalli,1125.0,2.0,56.8,2
chikka tirupathi,2325.0,4.0,120.0,4
ardendale,1777.26,3.0,89.0,3
sarjapur  road,1000.0,2.0,67.0,2
nehru nagar,1374.0,3.0,72.0,3
whitefield,1224.0,2.0,75.0,2
btm layout,1776.0,2.0,75.0,3
cooke town,3950.0,4.0,450.0,4
whitefield,1800.0,3.0,110.0,3
electronic city phase ii,1000.0,2.0,28.88,2
whitefield,1200.0,3.0,61.96,3
7th phase jp nagar,1420.0,2.0,96.0,3
mahalakshmi layout,1876.0,3.0,150.0,3
kudlu,1027.0,2.0,43.0,2
chikkabanavar,2400.0,4.0,97.0,5
banashankari stage ii,1200.0,2.0,198.0,3
hebbal,4235.0,4.0,365.0,4
jp nagar,745.0,1.0,34.27,1
other,1266.67,2.0,69.0,2
other,1130.0,2.0,68.0,2
hennur road,1020.0,2.0,45.0,2
kasavanhalli,1147.0,2.0,60.0,2
raja rajeshwari nagar,1170.0,2.0,50.0,2
chandapura,645.0,1.0,16.45,1
bellandur,1310.0,2.0,72.0,2
sarjapur  road,2275.0,4.0,187.0,3
hebbal kempapura,2800.0,5.0,220.0,5
8th phase jp nagar,1073.5,2.0,54.005,2
kasturi nagar,1101.0,2.0,66.0,2
uttarahalli,1500.0,3.0,68.0,3
haralur road,1255.0,2.0,90.0,3
hennur road,1232.0,2.0,69.61,2
yelenahalli,1175.0,2.0,50.0,2
gottigere,812.0,1.0,26.0,1
chandapura,1015.0,2.0,25.88,2
sarjapur  road,2100.0,3.0,135.0,3
devanahalli,1498.0,3.0,79.15,3
whitefield,1545.0,3.0,79.0,3
haralur road,1194.0,2.0,47.0,2
jakkur,1260.0,2.0,71.195,2
hosur road,2000.0,4.0,130.0,4
other,833.0,1.0,49.0,1
hosakerehalli,2480.0,4.0,265.0,3
talaghattapura,2106.0,3.0,126.0,3
vijayanagar,1046.0,2.0,75.0,2
whitefield,2882.0,5.0,204.0,4
sarjapur  road,1846.0,3.0,140.0,3
other,1400.0,2.0,160.0,2
7th phase jp nagar,1420.0,3.0,90.0,3
ombr layout,1041.0,2.0,65.5,2
raja rajeshwari nagar,1335.0,2.0,56.0,3
bannerghatta road,1240.0,2.0,65.0,2
hormavu,1351.0,2.0,53.0,1
kanakpura road,1665.0,3.0,86.58,3
doddakallasandra,1072.0,2.0,42.87,2
budigere,1820.0,3.0,95.5,3
cunningham road,2880.0,3.0,501.0,3
haralur road,1140.0,2.0,43.0,2
vidyaranyapura,1100.0,2.0,54.0,2
other,500.0,1.0,15.0,1
harlur,1303.0,2.0,90.0,2
kanakpura road,1366.0,2.0,83.0,2
vittasandra,1246.0,2.0,64.5,2
other,1623.0,3.0,155.0,3
other,1430.0,3.0,78.65,3
whitefield,6000.0,4.0,410.0,4
sarjapura - attibele road,1126.0,2.0,36.0,2
shivaji nagar,703.0,2.0,49.5,2
poorna pragna layout,965.0,2.0,48.0,2
vittasandra,1404.0,2.0,68.8,2
hosa road,1652.0,3.0,85.0,3
kaikondrahalli,1115.0,2.0,50.0,2
other,1602.0,2.0,170.0,3
horamavu agara,1250.0,3.0,65.0,3
other,1350.0,2.0,80.0,2
thanisandra,2259.0,5.0,135.0,4
uttarahalli,1065.0,2.0,42.59,2
kundalahalli,1260.0,2.0,58.0,2
other,2400.0,4.0,325.0,3
mallasandra,1325.0,2.0,65.0,2
whitefield,1790.0,3.0,100.0,3
thigalarapalya,2072.0,4.0,160.0,3
other,890.0,1.0,75.0,1
kaikondrahalli,1220.0,3.0,56.0,3
other,1800.0,3.0,120.0,3
nagavara,2430.0,4.0,180.0,3
yelahanka,1305.0,2.0,78.0,2
other,2700.0,4.0,295.0,4
ananth nagar,1319.0,3.0,42.0,3
btm 2nd stage,950.0,2.0,52.0,2
btm 2nd stage,1070.0,2.0,48.0,2
other,1237.0,3.0,78.0,3
other,1200.0,2.0,79.0,2
other,1976.0,3.0,184.0,3
abbigere,1020.0,2.0,40.8,2
bisuvanahalli,845.0,2.0,34.0,2
uttarahalli,1045.0,2.0,45.0,2
gunjur,1362.0,3.0,62.63,3
other,1100.0,2.0,70.0,2
beml layout,1060.0,2.0,55.0,2
kogilu,2456.0,7.0,85.0,7
ramagondanahalli,1251.0,2.0,53.0,2
8th phase jp nagar,1089.0,2.0,43.55,2
other,1065.0,3.0,72.0,3
whitefield,1585.0,3.0,88.0,3
anekal,620.0,1.0,23.5,2
amruthahalli,1190.0,2.0,50.0,2
sarjapur  road,1500.0,3.0,88.0,3
yelahanka,1100.0,2.0,60.0,2
budigere,1153.0,2.0,56.5,2
chandapura,985.0,2.0,25.12,2
binny pete,660.0,1.0,54.0,1
hosakerehalli,1500.0,6.0,145.0,5
thanisandra,1564.0,3.0,101.0,3
kadugodi,1314.0,2.0,78.0,2
hegde nagar,1050.0,1.0,56.0,2
yelachenahalli,1400.0,2.0,78.0,2
somasundara palya,2400.0,3.0,140.0,4
r.t. nagar,3600.0,8.0,165.0,9
electronic city phase ii,1140.0,2.0,34.0,2
marathahalli,1196.0,2.0,57.95,2
bisuvanahalli,700.0,1.0,32.0,2
iblur village,2100.0,4.0,145.0,3
harlur,1197.0,2.0,79.0,2
other,1605.0,2.0,85.0,3
bellandur,1325.0,2.0,65.0,2
harlur,2990.0,4.0,225.0,4
hormavu,1046.0,2.0,60.0,2
other,1800.0,3.0,150.0,3
other,1012.0,2.0,59.0,2
vittasandra,1404.0,2.0,70.0,2
old madras road,1171.0,2.0,72.0,2
budigere,1149.0,2.0,65.0,2
other,1250.0,2.0,80.0,3
other,2100.0,3.0,270.0,3
hulimavu,1255.0,2.0,74.0,2
harlur,1197.0,2.0,78.0,2
kogilu,1190.0,2.0,50.66,2
kasavanhalli,2035.0,3.0,142.0,3
kenchenahalli,1015.0,2.0,58.0,2
r.t. nagar,1300.0,3.0,145.0,3
horamavu banaswadi,1200.0,2.0,45.0,2
bannerghatta road,2932.0,5.0,195.0,4
kanakpura road,1938.0,3.0,105.0,3
other,1500.0,2.0,85.0,3
horamavu agara,950.0,2.0,39.0,2
hsr layout,1203.0,2.0,72.0,2
margondanahalli,600.0,2.0,35.0,2
bellandur,1846.0,3.0,135.0,3
koramangala,1253.0,2.0,102.0,2
other,1626.6,3.0,133.0,3
other,1864.0,3.0,115.0,3
harlur,1864.0,3.0,140.0,3
other,1600.0,3.0,102.0,3
raja rajeshwari nagar,1295.0,2.0,55.47,2
kadugodi,1762.0,3.0,110.0,3
bommasandra,1089.0,2.0,40.0,2
marathahalli,2181.0,3.0,152.0,4
attibele,400.0,1.0,11.0,1
ramagondanahalli,1610.0,2.0,115.0,3
thubarahalli,1200.0,2.0,78.0,2
kodichikkanahalli,1150.0,2.0,48.0,2
pattandur agrahara,1550.0,2.0,80.0,3
bannerghatta road,1340.0,2.0,85.0,2
vittasandra,1259.0,2.0,67.4,2
kengeri,500.0,1.0,17.0,1
bannerghatta road,1920.0,3.0,122.0,3
murugeshpalya,1296.0,2.0,81.0,2
other,3080.0,2.0,285.0,4
5th phase jp nagar,1030.0,2.0,57.0,2
kodigehaali,1200.0,2.0,60.0,2
garudachar palya,1150.0,2.0,52.5,2
ombr layout,1101.0,2.0,66.0,2
sarjapur  road,1200.0,2.0,93.0,2
seegehalli,920.0,2.0,27.0,2
other,1150.0,2.0,75.0,3
banashankari stage v,1035.0,2.0,35.77,2
hegde nagar,1884.0,4.0,118.0,3
lakshminarayana pura,1190.0,2.0,75.0,2
gottigere,1200.0,2.0,50.0,2
yelahanka,1100.0,2.0,70.0,2
hebbal,1200.0,2.0,60.0,2
murugeshpalya,1930.0,3.0,75.0,3
yelahanka,682.0,1.0,36.23,1
horamavu banaswadi,1272.0,2.0,51.5,2
other,1386.0,3.0,93.0,4
chandapura,1200.0,1.0,36.0,2
attibele,418.0,1.0,12.0,1
other,1500.0,1.0,160.0,2
thanisandra,1265.0,2.0,72.0,2
anekal,1200.0,2.0,36.0,4
judicial layout,1500.0,3.0,162.0,4
vishwapriya layout,890.0,2.0,37.0,2
sarjapur  road,1181.0,2.0,65.0,3
anjanapura,950.0,2.0,32.0,2
other,1540.0,3.0,150.0,3
kathriguppe,1350.0,3.0,80.99,3
marathahalli,1937.0,3.0,140.0,3
other,1480.0,2.0,145.0,3
haralur road,1243.0,2.0,46.0,2
ulsoor,1200.0,2.0,60.0,2
other,2100.0,3.0,210.0,4
margondanahalli,1152.0,1.0,66.0,2
kengeri satellite town,654.0,1.0,22.0,1
yelahanka,2088.0,5.0,110.0,4
electronic city phase ii,1253.0,2.0,65.8,2
2nd stage nagarbhavi,1200.0,4.0,225.0,4
marathahalli,1350.0,2.0,60.0,2
other,1022.0,2.0,57.0,2
rajaji nagar,1440.0,2.0,170.0,2
raja rajeshwari nagar,1400.0,2.0,45.0,2
pattandur agrahara,1350.0,2.0,68.0,2
choodasandra,1115.0,2.0,50.0,2
kothanur,1790.0,3.0,105.0,3
hoodi,1026.0,2.0,60.87,2
marathahalli,1240.0,2.0,55.0,2
neeladri nagar,1105.0,2.0,30.0,2
hennur road,5100.0,6.0,375.0,5
r.t. nagar,1080.0,2.0,48.0,2
hennur,2500.0,5.0,125.0,5
ngr layout,1105.0,2.0,49.73,2
hennur road,973.0,2.0,50.74,2
dasanapura,1163.0,2.0,65.0,2
jp nagar,1125.0,2.0,39.98,2
whitefield,4144.0,5.0,331.0,5
attibele,1600.0,4.0,52.8,4
other,2700.0,4.0,214.0,6
electronic city phase ii,975.0,2.0,45.0,3
other,1200.0,3.0,68.0,3
other,1200.0,4.0,120.0,4
kudlu gate,1310.0,2.0,53.0,2
electronic city phase ii,1165.0,2.0,33.64,2
vittasandra,1404.0,2.0,70.0,2
sarjapur  road,1700.0,3.0,93.5,3
sarjapura - attibele road,740.0,1.0,23.65,1
6th phase jp nagar,1192.0,2.0,75.0,2
kengeri satellite town,410.0,1.0,15.0,1
kanakpura road,1700.0,3.0,88.0,3
kasavanhalli,1230.0,2.0,66.25,2
hennur,1050.0,2.0,42.73,2
koramangala,1249.0,2.0,165.0,2
jigani,914.0,2.0,47.0,2
other,1490.0,2.0,92.0,3
uttarahalli,1300.0,2.0,55.0,3
rachenahalli,1050.0,2.0,55.5,2
horamavu banaswadi,1210.0,2.0,50.0,2
bhoganhalli,970.0,2.0,52.5,2
chikkalasandra,1325.0,2.0,59.0,2
thanisandra,760.0,1.0,50.3,1
uttarahalli,1390.0,2.0,62.55,3
banashankari,1020.0,2.0,40.79,2
seegehalli,4000.0,3.0,235.0,3
other,675.0,3.0,52.0,2
kaggadasapura,1455.0,3.0,75.0,3
thanisandra,3671.0,4.0,220.0,4
bannerghatta road,1470.0,2.0,85.0,3
ananth nagar,810.0,2.0,25.5,2
kasturi nagar,1000.0,2.0,58.0,2
electronic city phase ii,1031.0,2.0,53.0,2
sarjapur  road,1550.0,2.0,98.0,3
thanisandra,1265.0,2.0,85.0,2
other,1500.0,3.0,100.0,3
old airport road,946.0,2.0,58.0,2
hennur road,1030.0,2.0,46.5,2
anjanapura,1500.0,3.0,121.0,3
sector 2 hsr layout,1512.0,3.0,80.0,3
talaghattapura,1856.0,3.0,135.0,3
kaggadasapura,1240.0,2.0,58.58,2
kothanur,1454.0,3.0,71.5,3
chandapura,985.0,2.0,25.12,2
raja rajeshwari nagar,1419.0,2.0,48.1,2
bellandur,1205.0,2.0,66.0,2
other,3600.0,4.0,300.0,4
7th phase jp nagar,990.0,2.0,50.0,2
sarjapur  road,1229.0,2.0,70.0,2
hebbal,812.0,2.0,55.0,2
kannamangala,957.0,2.0,54.5,2
vittasandra,1246.0,2.0,67.5,2
marsur,1200.0,3.0,90.0,3
other,1230.0,2.0,70.0,2
1st phase jp nagar,1394.0,2.0,85.0,2
hormavu,1081.5,2.0,38.665,2
varthur,1210.0,2.0,54.0,2
rajaji nagar,2390.0,3.0,415.0,3
uttarahalli,1125.0,2.0,47.65,2
sultan palaya,1009.0,2.0,65.0,2
other,775.0,2.0,55.0,2
nagavara,2172.65,3.0,120.0,4
5th phase jp nagar,1075.0,2.0,60.0,2
sector 2 hsr layout,1332.0,2.0,101.0,2
kalena agrahara,1200.0,3.0,70.0,2
margondanahalli,1000.0,2.0,57.0,2
whitefield,1180.0,2.0,70.0,2
electronic city,1128.0,2.0,65.0,2
munnekollal,1170.0,2.0,52.0,2
marathahalli,957.0,2.0,47.0,2
electronic city,2000.0,4.0,120.0,4
devanahalli,1360.0,2.0,62.425,2
ambalipura,1700.0,2.0,76.0,2
mallasandra,905.0,2.0,35.0,2
amruthahalli,900.0,2.0,60.0,2
raja rajeshwari nagar,1400.0,2.0,86.0,3
other,1097.0,2.0,65.0,2
kadubeesanahalli,1185.0,2.0,55.0,2
singasandra,1416.0,2.0,67.0,2
gollarapalya hosahalli,861.0,2.0,36.5,2
rajaji nagar,1200.0,1.0,200.0,2
bannerghatta road,1012.0,2.0,45.0,2
other,2770.0,4.0,290.0,3
other,500.0,1.0,13.0,1
old airport road,1145.0,2.0,75.0,2
anjanapura,1850.0,4.0,86.0,4
1st block jayanagar,2750.0,4.0,413.0,4
other,1545.0,3.0,85.0,3
kaggadasapura,1175.0,2.0,50.0,2
gottigere,1500.0,3.0,70.0,3
jalahalli,1407.0,2.0,98.49,2
hennur road,2365.0,4.0,175.0,3
lakshminarayana pura,1200.0,2.0,83.0,2
anjanapura,1843.0,3.0,87.54,3
chikkalasandra,1070.0,2.0,50.0,2
hennur road,1341.0,2.0,95.0,2
parappana agrahara,1194.0,2.0,47.0,2
kothanur,1187.0,2.0,58.0,2
other,1200.0,3.0,70.0,3
other,2950.0,4.0,250.0,4
sarjapur  road,1984.0,4.0,145.0,3
other,2008.0,3.0,170.0,3
kodichikkanahalli,2700.0,4.0,125.0,5
other,1411.0,3.0,91.72,3
arekere,900.0,2.0,44.5,2
bellandur,1410.0,3.0,92.0,2
kogilu,1140.0,2.0,50.66,2
gottigere,1621.0,3.0,72.0,3
horamavu agara,982.0,2.0,47.65,2
electronic city,1500.0,3.0,73.0,3
kammanahalli,1200.0,1.0,81.0,2
banashankari stage v,1510.0,3.0,47.57,3
dodda nekkundi,1005.0,2.0,45.0,2
babusapalaya,1450.0,2.0,55.99,2
kothanur,1200.0,2.0,51.0,2
yelahanka,654.0,1.0,36.25,1
ramamurthy nagar,2316.0,3.0,125.0,3
hebbal,1349.0,2.0,98.2,2
old madras road,1425.0,2.0,94.0,3
other,1800.0,3.0,130.0,3
raja rajeshwari nagar,1187.0,2.0,40.14,2
kathriguppe,1300.0,3.0,77.99,3
other,1685.0,2.0,110.0,3
whitefield,1720.0,3.0,100.0,3
ulsoor,2135.0,3.0,170.0,3
other,1505.0,2.0,90.0,2
bellandur,1490.0,2.0,98.0,3
btm 2nd stage,1200.0,2.0,70.0,2
talaghattapura,1856.0,3.0,135.0,3
electronic city,1060.0,2.0,60.0,2
other,1300.0,2.0,70.0,3
haralur road,1200.0,2.0,46.0,2
laggere,1200.0,2.0,75.0,2
whitefield,1360.0,2.0,95.0,2
hormavu,980.0,2.0,42.0,2
9th phase jp nagar,1005.0,2.0,43.0,2
sarjapur  road,1680.0,3.0,126.0,3
jp nagar,1405.0,2.0,99.0,2
thanisandra,2144.0,3.0,145.0,3
kothanur,1787.0,3.0,107.0,3
bannerghatta road,595.0,1.0,33.32,1
vasanthapura,1037.0,2.0,36.28,2
other,1200.0,4.0,130.0,4
channasandra,1115.0,2.0,35.8,2
sonnenahalli,1415.0,2.0,65.0,3
anandapura,1200.0,2.0,67.0,2
domlur,1650.0,3.0,180.0,3
bommasandra industrial area,1065.0,2.0,30.75,2
bommasandra industrial area,1125.0,2.0,32.49,2
hennur road,1065.0,2.0,42.6,2
kanakapura,825.0,1.0,35.475,1
sarjapur  road,1115.0,2.0,60.0,2
electronic city,1213.0,2.0,59.32,2
sarjapur  road,1241.0,2.0,82.0,2
ambedkar nagar,1367.0,2.0,86.0,2
yelahanka,1600.0,3.0,100.0,3
ambedkar nagar,2225.0,4.0,169.0,3
gottigere,1120.0,2.0,50.0,2
whitefield,3425.0,5.0,250.0,4
narayanapura,2357.0,3.0,135.0,3
domlur,2180.0,3.0,285.0,3
isro layout,1370.0,2.0,87.0,3
1st phase jp nagar,1566.0,2.0,180.0,2
sonnenahalli,1268.0,2.0,58.0,2
sarjapur,1128.0,2.0,60.0,2
kasavanhalli,1200.0,2.0,60.0,2
hosa road,1311.0,2.0,84.86,3
subramanyapura,929.0,2.0,49.0,2
other,840.0,1.0,75.0,1
choodasandra,1065.0,2.0,46.0,2
cv raman nagar,705.0,2.0,50.0,1
btm 2nd stage,2780.0,4.0,325.0,3
kothanur,1787.0,3.0,120.0,3
talaghattapura,1868.0,3.0,120.0,3
hegde nagar,1584.01,3.0,103.0,3
hennur,1295.0,2.0,64.0,2
electronics city phase 1,1145.0,2.0,54.0,2
bommasandra,1014.0,2.0,35.0,2
devanahalli,1340.0,2.0,65.0,2
other,1718.0,3.0,223.0,3
rajiv nagar,2340.0,5.0,129.0,4
whitefield,1760.0,3.0,139.0,3
other,1590.0,3.0,120.0,3
devanahalli,658.0,1.0,34.0,1
raja rajeshwari nagar,1580.0,2.0,66.85,3
dodda nekkundi,1080.0,2.0,50.0,2
akshaya nagar,1420.0,2.0,75.0,3
cv raman nagar,1120.0,2.0,55.0,2
begur road,1565.0,2.0,57.91,3
kr puram,1559.0,3.0,69.315,3
whitefield,1132.0,2.0,79.28,2
hebbal,2630.0,5.0,188.0,4
tumkur road,1246.0,2.0,82.0,2
kothanur,1185.0,2.0,59.0,2
anandapura,1200.0,2.0,50.0,2
budigere,1820.0,3.0,93.0,3
bannerghatta road,1220.0,2.0,80.0,2
hebbal,1349.0,2.0,98.0,2
other,655.0,1.0,27.0,1
other,1535.0,3.0,95.0,3
other,2700.0,3.0,200.0,3
nagarbhavi,2400.0,3.0,160.0,3
other,1756.0,3.0,100.0,3
electronic city phase ii,1252.0,2.0,65.0,3
lakshminarayana pura,1200.0,2.0,75.0,2
vijayanagar,606.0,1.0,34.78,1
btm layout,1540.0,2.0,78.0,3
kodihalli,1490.0,2.0,150.0,2
hennur,1020.0,2.0,48.0,2
other,1200.0,3.0,160.0,4
other,1580.0,3.0,100.0,3
varthur,1155.0,2.0,39.0,2
garudachar palya,1154.0,2.0,51.8,2
sarjapur  road,1984.0,4.0,146.0,3
bommasandra,1127.0,2.0,45.0,2
bellandur,981.0,2.0,37.28,2
budigere,664.0,1.0,35.4,1
rajiv nagar,2330.0,5.0,175.0,4
other,600.0,1.0,50.0,1
bannerghatta road,1246.0,2.0,47.35,2
chandapura,971.0,2.0,38.0,3
2nd phase judicial layout,900.0,2.0,41.0,2
devanahalli,1045.0,2.0,48.0,2
thanisandra,1935.0,4.0,122.0,3
old airport road,1150.0,2.0,90.0,2
hennur road,1414.0,2.0,84.18,2
electronic city phase ii,1160.0,2.0,33.5,2
akshaya nagar,1113.0,2.0,52.0,2
kudlu,1110.0,2.0,46.0,2
babusapalaya,1675.0,3.0,75.0,3
kammanahalli,1666.0,4.0,150.0,5
bannerghatta road,1260.0,2.0,70.0,2
sarjapur  road,685.0,1.0,40.0,1
kathriguppe,1350.0,3.0,80.99,3
lb shastri nagar,1184.0,2.0,69.0,2
whitefield,1192.0,2.0,71.0,2
vishwapriya layout,820.0,2.0,30.0,2
haralur road,1194.0,2.0,47.0,2
electronic city,1631.0,3.0,80.0,3
other,2400.0,2.0,150.0,3
banaswadi,1145.0,2.0,55.0,2
bellandur,1785.0,3.0,118.0,3
arekere,1100.0,2.0,55.0,2
hulimavu,1021.0,2.0,76.0,2
other,1170.0,2.0,86.0,2
frazer town,2560.0,3.0,265.0,3
kudlu gate,1335.0,3.0,89.0,3
ramamurthy nagar,1150.0,2.0,51.0,2
indira nagar,1149.0,2.0,130.0,2
kasavanhalli,1225.0,2.0,69.0,3
kasavanhalli,1200.0,2.0,50.0,2
babusapalaya,1500.0,2.0,57.0,2
ambedkar nagar,1852.0,3.0,130.0,3
8th phase jp nagar,1046.0,2.0,48.0,2
epip zone,1125.0,2.0,65.0,2
vasanthapura,978.0,2.0,34.22,2
tc palaya,900.0,2.0,55.0,2
banashankari stage iii,2400.0,4.0,240.0,4
sompura,1126.0,2.0,39.0,2
thanisandra,1411.0,3.0,93.15,3
indira nagar,1650.0,3.0,220.0,3
sarjapur  road,1320.0,2.0,100.0,2
electronic city phase ii,1160.0,2.0,52.2,2
thigalarapalya,2072.0,4.0,157.0,3
chamrajpet,505.0,1.0,85.0,1
other,1441.0,2.0,115.0,2
sarjapur  road,1711.0,3.0,110.0,3
yelahanka new town,500.0,1.0,20.0,1
koramangala,1370.0,2.0,125.0,2
gubbalala,1745.0,3.0,110.0,3
cunningham road,3489.0,3.0,662.0,3
other,1100.0,2.0,61.0,2
nagavarapalya,705.0,1.0,52.5,1
vijayanagar,864.0,2.0,45.0,2
varthur,1360.0,2.0,85.0,3
jakkur,1291.0,2.0,75.0,2
kaval byrasandra,1185.0,2.0,49.0,2
panathur,1359.0,2.0,87.0,2
kenchenahalli,1720.0,3.0,100.0,3
isro layout,4200.0,4.0,255.0,4
hegde nagar,1965.0,4.0,132.0,3
chandapura,520.0,1.0,14.04,1
whitefield,3537.0,5.0,210.0,4
attibele,656.0,2.0,25.0,2
kothanur,1141.0,2.0,54.0,2
bannerghatta road,1270.0,2.0,45.0,2
other,1200.0,3.0,85.0,3
hosa road,1161.0,2.0,55.15,2
hoskote,509.0,1.0,23.0,1
hegde nagar,1200.0,4.0,83.0,4
marathahalli,607.0,1.0,35.0,1
kathriguppe,1245.0,2.0,68.48,3
hbr layout,1004.0,2.0,49.0,2
seegehalli,1096.0,2.0,41.0,2
kengeri satellite town,883.0,2.0,45.0,2
other,1355.0,2.0,75.0,2
sarjapur  road,2070.0,4.0,160.0,3
pai layout,1400.0,2.0,67.0,3
whitefield,1500.0,3.0,78.57,3
other,1603.0,2.0,125.0,3
anekal,1800.0,3.0,68.0,3
channasandra,1050.0,2.0,35.0,2
raja rajeshwari nagar,1140.0,2.0,49.39,2
bommanahalli,910.0,2.0,45.0,2
nri layout,1250.0,2.0,75.0,2
bommanahalli,1050.0,2.0,46.0,2
kadugodi,1890.0,4.0,127.0,3
8th phase jp nagar,1100.0,2.0,35.0,2
koramangala,1140.0,2.0,75.2,2
ramagondanahalli,1610.0,2.0,115.0,3
electronic city,1128.0,2.0,64.0,2
mahadevpura,1601.0,3.0,95.0,3
yelahanka,1890.0,3.0,108.0,3
hennur road,1832.0,3.0,125.0,3
8th phase jp nagar,1080.0,2.0,38.0,2
old airport road,1075.0,2.0,60.0,2
amruthahalli,1450.0,2.0,90.0,3
singasandra,1375.0,2.0,58.0,2
doddakallasandra,1010.0,2.0,40.39,2
mysore road,883.0,2.0,50.0,2
other,1200.0,2.0,75.0,2
bannerghatta road,1115.0,2.0,61.0,2
sarjapur  road,1580.0,3.0,125.0,3
hebbal,2250.0,3.0,219.0,3
murugeshpalya,1550.0,3.0,74.0,3
ramamurthy nagar,540.0,1.0,35.0,1
other,950.0,2.0,60.0,2
chikka tirupathi,2646.0,3.0,99.0,3
other,2375.0,3.0,260.0,4
hennur road,987.0,2.0,49.0,2
kasturi nagar,1925.0,3.0,125.0,3
marathahalli,1215.0,2.0,58.86,2
hennur road,1891.0,3.0,139.0,3
mahadevpura,1620.0,2.0,76.0,3
other,1670.0,3.0,160.0,3
balagere,675.0,1.0,45.0,1
sarjapur  road,1510.0,2.0,110.0,3
sarjapur  road,1300.0,2.0,70.0,3
rajaji nagar,1640.0,3.0,241.0,3
begur road,1615.0,3.0,60.0,3
kadugodi,1150.0,2.0,42.0,2
other,3664.0,3.0,325.0,3
harlur,1749.0,3.0,120.0,3
kothanur,1185.0,2.0,58.0,2
sarjapur  road,2275.0,4.0,180.0,3
kanakpura road,950.0,2.0,57.0,2
kanakapura,938.0,1.0,50.0,1
benson town,1688.12,2.0,270.0,2
kasavanhalli,1158.0,2.0,67.0,2
ardendale,1650.0,3.0,82.0,3
nagavara,2496.0,4.0,125.0,4
other,2400.0,4.0,280.0,6
sarjapur  road,1763.25,3.0,98.0,3
sarjapur  road,1026.0,2.0,60.8,2
whitefield,1626.0,3.0,85.0,3
kundalahalli,1315.0,2.0,74.0,2
kambipura,883.0,2.0,45.0,2
indira nagar,2601.0,4.0,312.0,3
whitefield,1655.0,3.0,110.0,3
green glen layout,1517.0,3.0,100.0,3
subramanyapura,1313.0,2.0,73.0,2
whitefield,4144.0,4.0,315.0,4
kalyan nagar,1375.0,3.0,75.0,3
bellandur,1717.0,3.0,110.0,3
ramamurthy nagar,700.0,2.0,33.0,2
whitefield,1558.0,3.0,90.0,3
malleshwaram,705.0,1.0,67.0,1
harlur,1033.0,2.0,49.0,2
hormavu,1065.0,2.0,50.92,2
brookefield,1476.0,3.0,105.0,3
uttarahalli,1155.0,2.0,40.42,2
lingadheeranahalli,1705.0,3.0,110.0,3
chandapura,630.0,1.0,13.86,1
rajaji nagar,2440.0,2.0,415.0,4
hosakerehalli,2376.0,3.0,203.0,3
other,1950.0,3.0,132.0,3
balagere,1012.0,2.0,70.0,2
other,2150.0,4.0,240.0,3
hennur road,1748.0,3.0,103.0,3
kalyan nagar,1190.0,2.0,60.0,2
other,792.0,2.0,70.0,2
ramamurthy nagar,1200.0,2.0,76.0,2
bommasandra,1365.0,3.0,52.82,3
other,1200.0,3.0,99.0,3
cooke town,1100.0,2.0,90.0,2
kundalahalli,1724.0,3.0,125.0,3
haralur road,2805.0,5.0,160.0,4
badavala nagar,1842.0,3.0,115.0,3
other,4300.0,5.0,550.0,4
brookefield,1100.0,2.0,55.0,2
banashankari,1041.0,2.0,36.44,2
kammasandra,1057.0,2.0,35.0,2
other,461.82,1.0,31.7,1
banashankari stage iii,1200.0,2.0,42.0,2
other,1500.0,3.0,90.0,3
btm layout,1196.0,2.0,56.81,2
harlur,1225.0,2.0,56.0,2
kathriguppe,1300.0,3.0,77.99,3
varthur,1760.0,2.0,85.0,2
kengeri,883.0,2.0,49.0,2
indira nagar,1210.0,2.0,102.0,2
ambedkar nagar,1935.0,4.0,125.0,3
harlur,1754.0,3.0,125.0,3
other,1410.0,3.0,90.0,3
hulimavu,450.0,1.0,20.0,1
other,510.0,1.0,34.0,1
whitefield,920.0,2.0,63.0,2
magadi road,1005.0,2.0,55.78,2
bellandur,1063.0,2.0,58.0,2
bannerghatta,1665.0,3.0,110.0,3
electronic city,910.0,2.0,42.0,2
other,3870.0,4.0,411.0,4
ramamurthy nagar,1334.0,2.0,67.0,2
7th phase jp nagar,1300.0,3.0,89.13,3
7th phase jp nagar,1175.0,2.0,82.0,2
other,1058.0,2.0,60.0,2
other,1100.0,2.0,70.0,2
rachenahalli,1050.0,2.0,52.5,2
hosa road,1533.0,3.0,98.18,3
vishwapriya layout,770.0,2.0,30.0,2
5th phase jp nagar,1075.0,2.0,60.0,2
kodichikkanahalli,450.0,1.0,18.0,1
jalahalli,1470.0,2.0,102.0,3
banashankari,600.0,1.0,27.0,2
magadi road,5000.0,6.0,360.0,5
harlur,2569.0,5.0,180.0,4
cv raman nagar,1070.0,2.0,47.5,2
7th phase jp nagar,1680.0,3.0,122.0,3
balagere,1205.0,2.0,78.5,2
malleshwaram,600.0,1.0,68.0,2
bisuvanahalli,845.0,2.0,33.0,2
banashankari,1186.0,2.0,65.0,2
varthur,1160.0,2.0,44.0,2
varthur road,1140.0,2.0,49.11,2
attibele,782.0,1.0,19.55,1
thubarahalli,1200.0,2.0,80.0,2
lingadheeranahalli,2240.0,4.0,160.0,4
uttarahalli,1215.0,2.0,52.85,3
hennur road,1232.0,2.0,87.0,2
7th phase jp nagar,1420.0,2.0,100.0,3
uttarahalli,1143.0,2.0,45.0,2
other,1352.0,3.0,135.0,3
bhoganhalli,1447.0,2.0,75.97,2
ambedkar nagar,1852.0,3.0,125.0,3
sarjapura - attibele road,1330.0,2.0,48.0,3
mysore road,883.0,2.0,45.0,2
padmanabhanagar,1100.0,2.0,65.0,2
rayasandra,3600.0,5.0,145.0,5
hebbal,1790.0,3.0,127.0,3
panathur,1000.0,2.0,68.0,2
raja rajeshwari nagar,1240.0,2.0,40.54,2
uttarahalli,1286.0,2.0,63.0,2
banashankari,1310.0,2.0,80.43,2
jakkur,1202.0,2.0,79.0,2
begur road,1200.0,2.0,44.0,2
sarjapur,1451.0,2.0,87.0,2
banashankari stage vi,1410.5,2.0,70.385,3
kr puram,1100.0,2.0,47.0,2
kudlu,1600.0,3.0,79.0,3
yeshwanthpur,1950.0,4.0,130.0,4
mahadevpura,1212.0,2.0,56.9,2
8th phase jp nagar,1730.0,5.0,75.0,5
hennur,1295.0,2.0,62.0,2
talaghattapura,1868.0,3.0,135.0,3
yelahanka,1304.0,2.0,69.97,2
binny pete,1755.0,3.0,122.0,3
kalena agrahara,800.0,2.0,40.0,2
banashankari,2600.0,4.0,135.0,3
marathahalli,1026.0,2.0,49.95,2
talaghattapura,1800.0,3.0,84.0,3
varthur,1210.0,2.0,64.15,2
vidyaranyapura,1440.0,2.0,70.0,3
kanakpura road,900.0,2.0,46.29,2
haralur road,1243.0,2.0,46.0,2
dasanapura,708.0,2.0,31.15,2
whitefield,1200.0,3.0,68.4,3
other,1650.0,2.0,140.0,4
sarjapur  road,1112.0,2.0,62.0,2
electronic city,940.0,2.0,54.0,2
chandapura,700.0,1.0,19.0,2
old airport road,2658.0,5.0,189.0,4
other,672.0,1.0,27.0,1
kasturi nagar,1080.0,2.0,80.0,2
other,1100.0,2.0,75.0,2
jalahalli,2113.0,3.0,155.0,3
other,3150.0,5.0,145.0,8
kr puram,1225.0,2.0,46.55,2
hebbal,1420.0,2.0,107.0,2
other,1200.0,2.0,85.0,2
whitefield,2900.0,4.0,225.0,4
hsr layout,1140.0,2.0,46.0,2
rachenahalli,2600.0,3.0,160.0,3
other,2400.0,3.0,270.0,3
other,650.0,1.0,16.0,1
other,1870.0,3.0,110.0,3
channasandra,1070.0,2.0,38.0,2
hebbal,2650.0,4.0,199.0,3
budigere,1820.0,3.0,95.0,3
dasarahalli,1150.0,2.0,70.0,2
somasundara palya,1650.0,3.0,95.0,3
haralur road,1140.0,2.0,42.0,2
sahakara nagar,1175.0,2.0,49.0,2
bannerghatta road,1200.0,2.0,75.0,2
rajiv nagar,1263.0,2.0,93.32,2
akshaya nagar,1430.0,2.0,75.0,3
sarjapur  road,2238.0,3.0,140.0,3
hennur road,1482.0,2.0,97.0,3
other,925.0,2.0,68.0,2
8th phase jp nagar,871.0,2.0,55.0,2
yelahanka,3990.0,4.0,260.0,4
amruthahalli,485.0,1.0,19.5,1
kr puram,1192.5,2.0,51.22,2
vittasandra,1246.0,2.0,68.0,2
cox town,1730.0,3.0,140.0,3
ananth nagar,902.0,2.0,25.26,2
jalahalli,2250.0,3.0,160.0,3
other,1000.0,1.0,55.0,2
judicial layout,1100.0,2.0,53.0,3
talaghattapura,1868.0,3.0,131.0,3
bommasandra,1942.0,3.0,90.0,3
ananth nagar,937.0,2.0,35.0,2
electronic city,770.0,1.0,35.0,2
kengeri satellite town,1060.0,2.0,42.0,2
electronic city,1025.0,2.0,49.0,2
kundalahalli,1920.0,3.0,150.0,3
hsr layout,1140.0,2.0,46.0,2
prithvi layout,1352.0,2.0,85.0,2
hebbal,1349.0,2.0,96.8,2
hegde nagar,1200.0,2.0,75.0,2
whitefield,2400.0,4.0,200.0,4
koramangala,1320.0,2.0,165.0,2
vittasandra,1246.0,2.0,67.4,2
other,2005.0,3.0,240.0,3
rajaji nagar,1640.0,3.0,268.0,3
anjanapura,1800.0,4.0,55.0,4
kanakpura road,700.0,2.0,41.0,2
thanisandra,3500.0,5.0,160.0,6
kalena agrahara,1425.0,2.0,70.0,3
hulimavu,1225.0,2.0,55.0,2
other,1645.0,3.0,95.0,3
laggere,1200.0,3.0,130.0,3
harlur,1749.0,3.0,115.0,3
kudlu,1027.0,2.0,44.0,2
whitefield,1250.0,2.0,85.0,2
horamavu agara,1107.83,2.0,41.51,2
banashankari,1077.0,2.0,37.64,2
kasavanhalli,1090.0,2.0,59.8,2
other,1200.0,3.0,90.0,3
thanisandra,933.0,1.0,61.0,1
rajaji nagar,2400.0,5.0,408.0,5
raja rajeshwari nagar,1550.0,3.0,86.8,3
7th phase jp nagar,1680.0,3.0,117.0,3
other,3045.0,3.0,170.0,3
bharathi nagar,1384.0,2.0,59.0,2
yelahanka,1650.0,3.0,105.0,3
marathahalli,881.0,2.0,48.06,2
vittasandra,1246.0,2.0,63.0,2
munnekollal,1170.0,2.0,59.0,2
dommasandra,674.0,1.0,19.9,2
raja rajeshwari nagar,500.0,1.0,25.0,1
jigani,1221.0,3.0,75.0,3
yeshwanthpur,1876.0,3.0,160.0,3
raja rajeshwari nagar,600.0,1.0,22.0,1
raja rajeshwari nagar,1196.0,2.0,40.54,2
rajaji nagar,2500.0,3.0,340.0,3
ramamurthy nagar,600.0,3.0,45.0,2
uttarahalli,1100.0,1.0,45.0,2
other,1178.0,2.0,80.0,2
narayanapura,1302.0,2.0,69.1,2
hegde nagar,2087.01,3.0,115.0,3
kathriguppe,1400.0,2.0,77.0,3
begur road,1410.0,2.0,52.17,3
other,1650.0,1.0,130.0,2
thanisandra,1056.0,2.0,68.0,2
electronics city phase 1,1490.0,3.0,78.8,3
thanisandra,1245.0,2.0,83.05,2
hegde nagar,3000.0,7.0,210.0,6
kambipura,1082.0,2.0,55.0,3
chikkalasandra,1800.0,1.0,128.0,2
bellandur,1605.0,3.0,85.0,3
sonnenahalli,1100.0,2.0,44.0,2
sector 2 hsr layout,794.0,1.0,60.0,1
kanakpura road,1100.0,3.0,58.0,3
other,1650.0,3.0,110.0,3
kothannur,1485.0,2.0,59.4,3
hsr layout,1372.0,2.0,61.0,2
haralur road,2017.0,2.0,125.0,3
other,1500.0,2.0,95.0,3
banaswadi,527.0,1.0,35.0,1
other,2020.0,3.0,270.0,3
kaggadasapura,1240.0,2.0,45.0,2
sarjapur  road,1700.0,3.0,118.0,3
other,800.0,2.0,50.0,2
cv raman nagar,1198.0,2.0,60.0,2
other,2400.0,4.0,325.0,5
old airport road,2732.0,4.0,194.0,4
hoskote,1065.0,2.0,28.5,2
banashankari,1000.0,2.0,50.0,2
vidyaranyapura,1440.0,2.0,95.0,2
other,1575.0,3.0,93.0,3
koramangala,2300.0,3.0,290.0,3
parappana agrahara,1194.0,2.0,46.0,2
varthur,1112.0,2.0,40.0,2
kanakpura road,1290.0,2.0,80.0,2
electronics city phase 1,1550.0,2.0,82.0,3
hsr layout,1145.0,2.0,46.0,2
other,532.0,1.0,22.49,1
thanisandra,1697.0,3.0,110.0,3
other,2400.0,3.0,170.0,3
bellandur,1767.0,3.0,109.0,3
karuna nagar,2500.0,3.0,190.0,3
kumaraswami layout,1000.0,2.0,58.0,2
haralur road,1194.0,2.0,46.0,2
other,1715.0,3.0,95.0,3
other,1132.0,2.0,67.0,2
begur road,1200.0,2.0,42.6,2
bisuvanahalli,1075.0,2.0,52.0,3
yeshwanthpur,1400.0,2.0,100.0,2
kalena agrahara,1837.0,2.0,95.0,3
hosa road,1161.0,2.0,55.15,2
ramamurthy nagar,960.0,2.0,35.0,2
isro layout,1000.0,2.0,60.0,2
other,1415.0,3.0,78.0,3
jalahalli east,1010.0,2.0,52.0,2
electronic city,1287.0,3.0,55.0,3
ardendale,1723.0,3.0,95.0,3
vasanthapura,995.0,2.0,34.82,2
harlur,1174.0,2.0,78.0,2
2nd stage nagarbhavi,1350.0,4.0,200.0,4
hormavu,583.0,1.0,28.275,1
haralur road,1243.0,2.0,46.0,2
uttarahalli,1330.0,2.0,58.0,3
sector 7 hsr layout,1342.0,2.0,115.0,2
hsr layout,1009.0,2.0,56.0,2
kogilu,1250.0,2.0,55.55,2
raja rajeshwari nagar,1095.0,2.0,38.33,2
kannamangala,3000.0,4.0,200.0,4
marathahalli,950.0,2.0,46.96,2
other,2990.0,4.0,324.0,4
8th phase jp nagar,1245.0,2.0,59.0,2
hosa road,615.0,1.0,28.29,1
sarjapur  road,1455.0,2.0,98.0,3
other,1800.0,1.0,200.0,1
whitefield,3565.0,4.0,218.0,4
electronics city phase 1,1200.0,2.0,59.76,2
rayasandra,1357.0,2.0,59.0,3
other,1650.0,3.0,110.0,3
tc palaya,1000.0,2.0,64.0,2
yelahanka,1614.0,3.0,93.0,3
frazer town,2560.0,3.0,288.0,3
bellandur,1015.0,2.0,60.0,2
whitefield,1431.0,3.0,85.0,3
kundalahalli,2100.0,3.0,150.0,3
hosur road,950.0,2.0,60.0,2
uttarahalli,1123.0,2.0,60.0,2
whitefield,650.0,1.0,25.0,1
mico layout,1200.0,2.0,53.5,2
lakshminarayana pura,1180.0,2.0,75.0,2
bommanahalli,1307.0,2.0,50.0,2
tindlu,7500.0,7.0,400.0,7
btm layout,1450.0,2.0,81.0,3
varthur,1140.0,2.0,55.5,2
bannerghatta road,1218.0,2.0,73.0,2
electronic city,589.0,1.0,27.0,1
whitefield,1655.0,3.0,113.0,3
other,1333.0,2.0,77.27,2
kadugodi,925.0,1.0,40.7,1
other,1200.0,3.0,120.0,3
other,1600.0,2.0,110.0,2
lakshminarayana pura,1500.0,3.0,104.0,3
chikkabanavar,1067.0,2.0,38.0,2
other,500.0,1.0,16.0,1
ramamurthy nagar,1200.0,2.0,68.0,2
marathahalli,1730.0,3.0,110.0,3
old airport road,2774.0,4.0,207.0,4
talaghattapura,2265.0,3.0,159.0,3
hosur road,1510.0,2.0,105.0,3
other,800.0,2.0,55.0,2
8th phase jp nagar,1125.0,2.0,36.94,2
marathahalli,1583.0,3.0,105.0,3
domlur,1429.0,3.0,86.0,3
other,1320.0,2.0,95.0,3
yelahanka,1705.0,3.0,85.0,3
pattandur agrahara,1247.0,2.0,62.35,2
rajiv nagar,2340.0,5.0,160.0,4
whitefield,1626.0,3.0,89.0,3
other,800.0,1.0,100.0,1
gubbalala,2570.0,4.0,141.0,5
whitefield,1338.0,2.0,103.0,2
kudlu gate,1183.0,2.0,79.54,2
horamavu banaswadi,1081.0,2.0,52.0,2
harlur,1197.0,2.0,75.0,2
bommenahalli,1200.0,3.0,125.0,3
hennur,1420.0,2.0,62.0,2
other,1350.0,4.0,145.0,4
sarjapur  road,2275.0,4.0,185.0,3
thanisandra,1880.0,3.0,120.0,3
other,1200.0,3.0,78.0,2
hennur road,2350.0,3.0,174.0,3
sarjapur  road,3785.0,5.0,280.0,4
kalyan nagar,1086.0,2.0,44.5,2
sarjapur  road,1826.0,3.0,125.0,3
harlur,1754.0,3.0,124.0,3
other,3060.0,4.0,350.0,4
7th phase jp nagar,1460.0,2.0,97.0,3
other,3000.0,5.0,270.0,4
hoodi,1425.0,2.0,80.0,2
isro layout,4400.0,6.0,250.0,6
kodichikkanahalli,1181.0,2.0,57.0,2
raja rajeshwari nagar,1295.0,2.0,55.47,2
other,2320.0,2.0,160.0,3
ardendale,1777.26,3.0,105.0,3
rajaji nagar,3526.0,4.0,558.0,4
vittasandra,1246.0,2.0,67.4,2
uttarahalli,1000.0,2.0,35.0,2
margondanahalli,1334.0,2.0,67.76,2
sarjapur  road,1435.0,3.0,90.0,3
frazer town,3500.0,4.0,330.0,3
chandapura,1015.0,2.0,25.88,2
talaghattapura,1856.0,3.0,135.0,3
gm palaya,1315.0,3.0,65.0,3
whitefield,1720.0,3.0,98.97,3
begur road,1200.0,2.0,45.6,2
r.t. nagar,1200.0,2.0,45.0,2
electronic city phase ii,1020.0,2.0,30.6,2
uttarahalli,1089.0,2.0,43.55,2
varthur,1385.0,2.0,80.0,2
uttarahalli,1155.0,2.0,40.43,2
banashankari stage v,1300.0,2.0,58.5,3
other,520.0,2.0,29.0,1
abbigere,795.0,1.0,32.6,2
sarjapur  road,1305.0,2.0,99.0,2
epip zone,1285.0,2.0,82.0,2
ngr layout,1020.0,2.0,46.0,2
gubbalala,1100.0,2.0,49.5,2
epip zone,2710.0,3.0,177.0,3
raja rajeshwari nagar,1530.0,3.0,64.0,3
ombr layout,2420.0,3.0,185.0,3
chandapura,850.0,2.0,25.4,2
harlur,1709.0,3.0,150.0,3
chandapura,590.0,1.0,13.57,1
bannerghatta road,1450.0,2.0,78.0,3
haralur road,1225.0,2.0,67.38,2
kodichikkanahalli,900.0,2.0,42.0,2
talaghattapura,1062.0,2.0,42.48,2
koramangala,2246.0,3.0,300.0,3
seegehalli,901.0,2.0,35.14,2
budigere,1153.0,2.0,60.0,2
kanakapura,711.0,1.0,38.0,1
devanahalli,1080.0,2.0,53.35,2
mahalakshmi layout,1200.0,3.0,160.0,4
whitefield,1897.0,3.0,130.0,3
jp nagar,1850.0,2.0,110.0,3
other,1100.0,2.0,110.0,2
whitefield,3584.0,4.0,199.0,4
5th phase jp nagar,1256.0,2.0,62.8,2
whitefield,2956.0,5.0,234.0,4
electronic city phase ii,1155.0,2.0,57.0,2
kudlu,1027.0,2.0,44.0,2
sarjapur,1032.0,2.0,42.0,2
yelenahalli,1160.0,2.0,44.08,2
akshaya nagar,1897.0,3.0,120.0,3
margondanahalli,1050.0,2.0,58.0,2
malleshwaram,1020.0,2.0,80.0,2
dommasandra,1267.0,3.0,56.0,3
7th phase jp nagar,1850.0,3.0,150.0,3
whitefield,2155.0,3.0,125.0,4
frazer town,1870.0,3.0,180.0,3
hosur road,1194.0,2.0,69.0,2
bannerghatta road,1122.5,2.0,58.935,2
mysore road,1003.0,2.0,43.0,2
bannerghatta road,905.0,2.0,65.0,2
iblur village,1995.0,3.0,135.0,3
kr puram,4300.0,6.0,175.0,6
gubbalala,1470.0,2.0,82.0,3
pai layout,1175.0,2.0,60.0,2
other,2000.0,4.0,180.0,5
nagasandra,1500.0,2.0,91.0,2
sarjapur  road,2275.0,4.0,175.0,3
varthur,1155.0,2.0,60.0,2
raja rajeshwari nagar,1303.0,2.0,55.78,2
karuna nagar,1962.0,3.0,175.0,3
hoodi,1257.0,2.0,69.0,2
other,1560.0,2.0,125.0,3
kanakpura road,825.0,1.0,36.29,1
whitefield,2280.0,4.0,125.0,3
sarjapur,920.0,2.0,33.0,2
raja rajeshwari nagar,1580.0,3.0,83.74,3
other,3095.0,3.0,375.0,3
ramagondanahalli,1295.0,2.0,95.0,2
other,1166.0,2.0,65.0,2
hennur road,1232.0,2.0,69.61,2
kr puram,734.0,2.0,22.0,2
other,4500.0,9.0,500.0,9
other,700.0,1.0,41.0,1
other,1355.0,2.0,95.0,2
marathahalli,1071.0,2.0,52.25,2
subramanyapura,975.0,2.0,58.0,2
rajaji nagar,1640.0,3.0,230.0,3
kothanur,1095.0,2.0,55.0,2
hulimavu,1000.0,2.0,45.0,2
sarjapur  road,1800.0,3.0,128.0,3
kaggadasapura,1340.0,3.0,66.0,3
uttarahalli,1200.0,2.0,44.0,2
other,1780.0,3.0,110.0,3
other,1148.0,2.0,69.0,2
anekal,1035.0,2.0,38.3,2
anandapura,1141.0,2.0,50.0,2
uttarahalli,850.0,2.0,35.0,2
jakkur,1760.0,3.0,110.0,3
malleshpalya,1060.0,2.0,40.0,2
amruthahalli,2650.0,4.0,175.0,3
channasandra,4200.0,6.0,180.0,6
kaggadasapura,1110.0,2.0,53.0,2
haralur road,1309.0,2.0,82.0,2
kaggadasapura,1225.0,2.0,48.0,2
banashankari stage iii,1145.0,2.0,58.4,2
9th phase jp nagar,600.0,1.0,20.0,1
yeshwanthpur,667.0,1.0,36.85,1
other,10000.0,16.0,550.0,16
kadugodi,1314.0,2.0,80.0,2
other,1210.0,2.0,75.0,2
brookefield,2400.0,3.0,140.0,4
hebbal,1920.0,3.0,150.0,3
whitefield,2928.0,4.0,198.0,4
kasavanhalli,1060.0,2.0,58.06,2
uttarahalli,1270.0,2.0,55.25,3
chandapura,1015.0,2.0,25.88,2
varthur,977.0,2.0,36.0,2
kambipura,883.0,2.0,45.0,2
bannerghatta road,1894.0,3.0,115.0,3
cox town,1200.0,2.0,140.0,2
kundalahalli,3092.0,4.0,230.0,4
other,1544.0,3.0,120.0,3
arekere,920.0,2.0,40.0,2
harlur,1133.0,2.0,55.0,2
7th phase jp nagar,1680.0,3.0,120.0,3
whitefield,1275.0,2.0,65.0,3
thigalarapalya,1297.0,2.0,103.0,2
electronics city phase 1,755.0,1.0,30.12,1
other,850.0,2.0,72.0,2
whitefield,3150.0,3.0,290.0,3
other,1350.0,4.0,175.0,4
banashankari stage ii,1260.0,2.0,95.0,3
other,800.0,2.0,55.0,2
other,1645.0,3.0,95.0,3
sarjapur,2250.0,3.0,148.0,3
8th phase jp nagar,1160.0,2.0,95.0,2
yelenahalli,1650.0,3.0,68.0,3
yelahanka,1705.0,3.0,91.0,3
beml layout,1194.0,2.0,65.0,2
hormavu,1200.0,2.0,68.0,2
marathahalli,1485.0,2.0,90.0,3
rachenahalli,1050.0,2.0,52.08,2
kogilu,1559.0,3.0,120.0,3
chandapura,645.0,1.0,16.45,1
kadubeesanahalli,1424.0,2.0,75.0,3
sarjapur,1124.0,2.0,30.35,2
thanisandra,1305.0,2.0,90.0,2
sonnenahalli,896.0,2.0,43.75,2
other,4750.0,5.0,600.0,4
other,1578.0,3.0,180.0,3
haralur road,1092.0,2.0,44.0,2
basaveshwara nagar,1200.0,2.0,70.0,2
kudlu gate,1113.0,2.0,50.0,2
hebbal,2790.0,4.0,198.0,4
other,1620.0,2.0,110.0,3
konanakunte,1200.0,2.0,130.0,4
other,2250.0,3.0,199.0,3
sahakara nagar,1032.0,2.0,45.0,2
other,1165.0,2.0,75.0,2
epip zone,1734.0,3.0,125.0,3
1st phase jp nagar,2065.0,4.0,210.0,3
bisuvanahalli,845.0,2.0,29.0,2
bannerghatta road,1850.0,6.0,150.0,6
ambalipura,1730.0,3.0,120.0,3
sarjapur  road,1067.0,2.0,60.0,2
other,1330.0,2.0,80.0,2
domlur,2180.0,3.0,285.0,3
hebbal kempapura,1300.0,2.0,102.0,2
5th phase jp nagar,1725.0,2.0,100.0,3
begur road,1100.0,2.0,42.6,2
kothanur,1790.0,3.0,105.0,3
konanakunte,1423.0,2.0,85.0,3
electronic city phase ii,6000.0,4.0,260.0,4
electronic city phase ii,650.0,1.0,35.0,1
old madras road,1165.0,2.0,52.0,2
begur road,1200.0,2.0,44.73,2
kr puram,1200.0,4.0,83.0,4
kodigehalli,635.0,1.0,28.0,2
other,720.0,2.0,45.0,2
sarjapur  road,1128.0,2.0,59.0,2
kothannur,1197.0,2.0,47.88,2
malleshwaram,2200.0,3.0,275.0,3
banashankari,720.0,1.0,60.0,1
yelahanka,567.0,1.0,25.0,1
electronic city,1700.0,3.0,90.0,3
kanakpura road,525.0,1.0,27.5,1
haralur road,1830.0,3.0,101.0,3
whitefield,1270.0,2.0,110.0,2
kengeri satellite town,1415.0,2.0,66.0,3
anjanapura,710.0,2.0,25.0,2
other,1010.0,2.0,55.0,2
other,1282.0,2.0,87.0,2
balagere,1007.0,2.0,66.0,2
kadugodi,1900.0,3.0,108.0,3
yelahanka,1614.0,3.0,95.0,3
dodda nekkundi,1100.0,2.0,48.0,2
other,1000.0,2.0,60.0,2
whitefield,1216.0,2.0,73.0,2
harlur,1197.0,2.0,84.0,2
budigere,1139.0,2.0,56.5,2
raja rajeshwari nagar,1000.0,2.0,50.0,2
cunningham road,2880.0,3.0,560.0,3
other,3800.0,6.0,390.0,6
kaikondrahalli,1250.0,2.0,78.0,2
6th phase jp nagar,1192.0,2.0,74.0,2
chandapura,645.0,1.0,16.45,1
other,2800.0,4.0,200.0,4
electronic city phase ii,769.0,2.0,40.0,2
dodda nekkundi,1155.0,2.0,46.0,2
dodda nekkundi,1999.0,3.0,132.0,3
1st phase jp nagar,1590.0,3.0,131.0,3
kammasandra,990.0,2.0,31.5,2
sarjapur  road,4111.0,4.0,310.0,4
hsr layout,1844.0,3.0,95.0,3
yelahanka,3600.0,6.0,200.0,6
sector 7 hsr layout,1163.0,2.0,98.86,2
bellandur,950.0,2.0,35.0,2
hebbal kempapura,1785.0,3.0,165.0,3
rachenahalli,1050.0,2.0,52.1,2
sahakara nagar,1200.0,2.0,60.0,2
mysore road,883.0,2.0,37.0,2
kadugodi,1645.0,2.0,82.0,3
hebbal,1636.0,3.0,119.0,3
banashankari stage vi,2800.0,4.0,89.0,4
yelahanka new town,1000.0,2.0,44.0,2
hoodi,1925.0,3.0,110.0,3
other,1165.0,2.0,135.0,2
kudlu gate,1164.0,2.0,75.0,2
doddakallasandra,1010.0,2.0,41.0,2
other,1200.0,2.0,68.0,3
electronics city phase 1,1113.12,2.0,55.0,2
btm 2nd stage,2990.0,5.0,416.0,5
chikkabanavar,2000.0,4.0,65.0,5
marathahalli,1146.0,2.0,69.0,2
raja rajeshwari nagar,1267.0,2.0,54.35,2
other,1600.0,3.0,165.0,4
begur road,1260.0,2.0,39.69,2
marathahalli,1595.0,3.0,90.0,3
hebbal kempapura,1700.0,3.0,155.0,3
hoodi,863.0,1.0,40.55,1
nagavarapalya,1392.0,2.0,99.0,2
other,2250.0,3.0,180.0,3
raja rajeshwari nagar,1240.0,2.0,42.04,2
1st phase jp nagar,900.0,2.0,75.0,2
bellandur,924.0,2.0,35.11,2
6th phase jp nagar,1810.0,3.0,131.0,3
lakshminarayana pura,1169.0,2.0,75.0,2
other,425.0,1.0,20.03,1
rayasandra,1555.0,3.0,75.17,3
raja rajeshwari nagar,1144.0,2.0,38.55,2
other,827.0,2.0,45.0,2
vidyaranyapura,1060.0,2.0,55.0,2
other,1200.0,4.0,165.0,4
marathahalli,1200.0,2.0,53.0,2
sarjapur  road,1691.0,3.0,93.01,3
other,550.0,1.0,16.0,1
old madras road,2640.0,2.0,170.0,2
electronic city,1128.0,2.0,65.35,2
yelahanka new town,1100.0,2.0,58.0,2
kanakpura road,1560.0,3.0,92.0,3
bannerghatta road,1846.0,3.0,120.0,3
electronic city phase ii,2225.0,4.0,98.88,4
begur road,1160.0,2.0,44.0,2
hormavu,765.0,2.0,37.49,2
electronic city,755.0,1.0,34.0,2
hoodi,1196.0,2.0,71.74,2
other,1677.0,3.0,98.0,3
devarachikkanahalli,1230.0,2.0,58.0,2
thubarahalli,1085.0,2.0,70.0,2
nagarbhavi,1190.0,2.0,63.0,2
jakkur,1432.0,2.0,85.0,2
yelahanka,1200.0,2.0,70.0,2
jp nagar,1250.0,2.0,93.0,2
other,1275.0,2.0,69.0,2
other,1210.0,2.0,72.0,2
domlur,1050.0,2.0,85.0,2
marathahalli,1135.0,2.0,60.0,2
ramagondanahalli,1235.0,2.0,52.04,2
sarjapur  road,1262.0,2.0,67.0,2
gubbalala,1435.0,2.0,80.0,3
kudlu,1027.0,2.0,44.0,2
haralur road,1243.0,2.0,45.0,2
other,2400.0,3.0,290.0,3
other,1200.0,1.0,28.0,1
other,600.0,1.0,20.0,1
balagere,1012.0,2.0,65.0,2
other,2100.0,4.0,150.0,4
electronic city phase ii,1165.0,2.0,30.29,2
haralur road,1230.0,2.0,67.65,2
konanakunte,2791.0,3.0,223.0,3
budigere,664.0,1.0,34.0,1
ramagondanahalli,1610.0,2.0,115.0,3
7th phase jp nagar,1450.0,2.0,100.0,3
other,1614.0,3.0,110.0,3
nagarbhavi,1080.0,2.0,49.0,2
haralur road,1140.0,2.0,43.0,2
ananth nagar,982.0,2.0,24.55,2
electronics city phase 1,1475.0,3.0,78.29,3
banaswadi,1200.0,2.0,60.0,2
epip zone,1330.0,2.0,86.98,2
whitefield,1180.0,2.0,77.0,2
harlur,1749.0,3.0,112.0,3
kudlu,1162.0,2.0,52.0,2
malleshwaram,2475.0,4.0,326.0,3
electronic city phase ii,1135.0,2.0,46.0,2
ananth nagar,500.0,1.0,14.0,1
kr puram,1245.0,2.0,60.0,2
banashankari,1260.0,2.0,75.0,2
doddakallasandra,1072.0,2.0,42.87,2
kanakapura,1277.0,2.0,55.0,2
other,2400.0,2.0,160.0,2
raja rajeshwari nagar,1050.0,2.0,37.0,2
gunjur,1362.0,3.0,62.63,3
rachenahalli,3657.0,5.0,220.0,4
tumkur road,1027.0,2.0,68.62,2
kanakpura road,1622.0,3.0,95.0,3
hulimavu,1823.0,3.0,100.0,3
hennur road,1891.0,3.0,110.0,3
kammasandra,992.0,2.0,25.79,2
1st phase jp nagar,1077.0,2.0,93.0,2
sector 7 hsr layout,1760.0,3.0,142.0,3
amruthahalli,1200.0,2.0,55.0,2
old airport road,3496.0,4.0,262.0,4
yelahanka new town,1400.0,2.0,80.0,3
electronic city,1500.0,2.0,78.0,3
9th phase jp nagar,1890.0,2.0,93.0,3
kanakapura,1295.0,2.0,64.0,2
basavangudi,1100.0,2.0,93.0,2
cv raman nagar,1040.0,2.0,50.0,2
7th phase jp nagar,1275.0,2.0,87.0,2
kalena agrahara,1450.0,3.0,100.0,3
yelahanka,602.0,2.0,30.0,1
other,1596.0,3.0,95.0,3
sarjapur  road,1819.0,3.0,100.0,3
kammasandra,982.0,2.0,25.53,2
vijayanagar,1046.0,2.0,49.06,2
pai layout,3800.0,6.0,175.0,6
begur road,1160.0,2.0,42.0,2
jakkur,1483.0,2.0,98.0,2
whitefield,2830.0,5.0,190.0,4
ramagondanahalli,1151.0,2.0,42.5,2
electronic city phase ii,630.0,1.0,28.35,1
electronic city,1070.0,2.0,55.0,2
hulimavu,1500.0,2.0,90.0,2
other,1950.0,3.0,230.0,3
sarjapur  road,1242.0,2.0,78.0,2
jigani,2400.0,4.0,130.0,3
dommasandra,1500.0,2.0,40.0,2
doddaballapur,654.0,1.0,49.0,1
akshaya nagar,1280.0,2.0,60.0,2
other,2505.0,3.0,165.0,3
other,1460.0,2.0,87.0,3
electronic city phase ii,1160.0,2.0,33.5,2
somasundara palya,1255.0,2.0,67.0,2
haralur road,1510.0,3.0,83.05,3
other,1350.0,1.0,120.0,3
electronic city phase ii,993.0,2.0,50.0,3
electronics city phase 1,865.0,2.0,40.0,2
jp nagar,1197.0,2.0,47.88,2
sarjapur  road,715.0,1.0,29.0,1
whitefield,1870.0,3.0,138.0,3
bellandur,1262.0,2.0,47.0,2
devanahalli,1360.0,2.0,65.0,2
panathur,1075.0,2.0,60.0,2
koramangala,1355.0,2.0,95.0,2
rajaji nagar,1268.0,2.0,127.0,2
chandapura,950.0,2.0,25.65,2
kumaraswami layout,2400.0,2.0,125.0,3
garudachar palya,1325.0,2.0,60.8,3
electronic city phase ii,1160.0,2.0,33.5,2
ananth nagar,1470.0,3.0,54.0,3
other,1056.0,2.0,80.0,2
other,540.0,1.0,22.5,1
kaggadasapura,1150.0,2.0,42.0,2
old madras road,1210.0,2.0,80.0,2
amruthahalli,924.0,2.0,45.0,2
raja rajeshwari nagar,1270.0,2.0,62.0,2
whitefield,3445.0,5.0,270.0,4
banashankari,1800.0,3.0,125.0,3
other,985.0,2.0,57.0,2
kadugodi,1762.0,3.0,109.0,3
subramanyapura,1255.0,2.0,79.0,3
kanakpura road,1100.0,2.0,58.0,3
akshaya nagar,1897.0,4.0,93.0,3
hennur,1255.0,2.0,58.0,2
tumkur road,1500.0,3.0,100.0,3
kothanur,1186.0,2.0,58.0,2
bannerghatta road,630.0,1.0,35.0,1
bannerghatta road,1725.0,3.0,110.0,3
other,30000.0,4.0,2100.0,4
ngr layout,1020.0,2.0,45.9,2
whitefield,2321.0,4.0,157.0,3
sultan palaya,5000.0,5.0,325.0,4
raja rajeshwari nagar,1288.0,2.0,70.0,3
banashankari,1185.0,2.0,67.0,2
bhoganhalli,1205.0,2.0,68.32,2
other,1300.0,1.0,115.0,2
magadi road,1000.0,2.0,46.5,2
other,1350.0,4.0,160.0,4
garudachar palya,1150.0,2.0,52.8,2
kothanur,3401.0,5.0,230.0,4
thanisandra,1698.0,3.0,102.0,3
yeshwanthpur,3027.0,4.0,260.0,3
hsr layout,1289.0,2.0,70.0,2
chandapura,1345.0,2.0,39.5,3
nagarbhavi,1020.0,2.0,55.0,2
kalyan nagar,1198.0,2.0,65.0,2
budigere,705.0,1.0,34.545,1
bommasandra industrial area,1320.0,2.0,38.13,3
other,1170.0,2.0,86.0,2
whitefield,1655.0,3.0,108.0,3
other,5425.0,13.0,275.0,13
banashankari,1100.0,2.0,63.0,2
other,1012.0,2.0,59.0,2
raja rajeshwari nagar,1145.0,2.0,45.79,2
rayasandra,1065.0,2.0,44.95,2
talaghattapura,2273.0,3.0,159.0,3
ramamurthy nagar,1200.0,2.0,42.0,2
old madras road,1210.0,2.0,77.0,2
hulimavu,1231.0,2.0,84.5,2
kaval byrasandra,1450.0,3.0,75.0,3
other,600.0,1.0,35.0,1
hormavu,1310.0,2.0,60.0,2
budigere,1172.0,2.0,56.725,2
hsr layout,1203.0,2.0,60.0,2
hebbal,1255.0,2.0,95.0,3
bisuvanahalli,1075.0,2.0,42.0,3
harlur,1757.0,3.0,132.0,3
other,3600.0,5.0,400.0,4
kothannur,1404.0,2.0,56.15,3
other,509.0,1.0,20.0,1
9th phase jp nagar,905.0,2.0,32.0,2
sarjapur  road,1371.0,2.0,86.0,2
other,1200.0,2.0,100.0,2
yelahanka,697.0,1.0,35.0,1
old madras road,1480.0,3.0,95.0,3
other,1630.0,2.0,97.78,3
8th phase jp nagar,1089.0,2.0,43.55,2
nri layout,2150.0,4.0,115.0,4
banashankari stage ii,2400.0,3.0,510.0,5
bommanahalli,3000.0,8.0,140.0,8
begur road,1160.0,2.0,36.54,2
kaggadasapura,1654.0,3.0,70.0,3
devanahalli,1260.0,2.0,66.78,2
marathahalli,1220.0,2.0,58.5,2
rajaji nagar,2390.0,3.0,410.0,3
other,1175.0,2.0,70.0,2
kr puram,1700.0,3.0,105.0,3
raja rajeshwari nagar,1162.0,2.0,65.0,2
vittasandra,1246.0,2.0,65.0,2
other,1300.0,2.0,129.0,2
other,1600.0,2.0,160.0,2
kanakpura road,1665.0,3.0,88.0,3
chamrajpet,1050.0,2.0,162.0,2
hebbal,1987.0,4.0,165.0,3
brookefield,1206.0,2.0,90.0,2
sarjapur,3190.0,3.0,160.0,4
budigere,1087.0,2.0,54.3,2
bannerghatta road,1885.0,3.0,125.0,3
horamavu banaswadi,925.0,2.0,38.0,2
other,800.0,1.0,45.0,2
8th phase jp nagar,500.0,1.0,33.0,1
sarjapur,1404.0,2.0,53.35,3
begur road,1410.0,2.0,52.17,3
cox town,1975.0,3.0,150.0,3
whitefield,3262.0,4.0,260.0,4
bannerghatta road,1150.0,2.0,65.0,2
bellandur,982.0,2.0,55.0,2
hennur road,901.0,2.0,49.5,2
kanakpura road,700.0,2.0,40.0,2
jp nagar,1850.0,3.0,150.0,3
jigani,1200.0,3.0,65.0,3
ramamurthy nagar,2916.0,5.0,230.0,4
uttarahalli,1280.0,2.0,60.0,3
old airport road,1858.0,2.0,167.0,3
hormavu,1206.0,2.0,55.0,2
sarjapur,2400.0,3.0,140.0,4
somasundara palya,1260.0,2.0,60.0,2
kudlu gate,1547.0,2.0,103.0,2
uttarahalli,882.0,2.0,30.0,2
koramangala,1350.0,2.0,103.0,2
marathahalli,2524.0,5.0,180.0,4
murugeshpalya,1500.0,2.0,70.0,3
abbigere,1005.0,2.0,39.59,2
haralur road,1810.0,3.0,100.0,3
other,1717.0,3.0,200.0,3
sarjapur,1525.0,2.0,68.0,3
whitefield,1216.0,2.0,75.0,2
1st phase jp nagar,1394.0,2.0,100.0,2
thigalarapalya,1418.0,2.0,106.0,2
kaggalipura,700.0,1.0,38.0,1
indira nagar,850.0,1.0,60.0,1
other,1200.0,1.0,95.0,2
bellandur,1454.0,2.0,90.0,2
kanakpura road,1051.0,2.0,56.74,2
jigani,918.0,2.0,50.0,2
hennur,1255.0,2.0,54.5,2
hebbal,1645.0,3.0,113.0,3
judicial layout,2070.0,3.0,162.0,3
tumkur road,1239.0,2.0,82.0,2
sarjapur  road,1230.0,2.0,94.5,2
ambalipura,1800.0,3.0,110.0,3
attibele,400.0,1.0,14.0,1
kundalahalli,1010.0,2.0,48.27,2
panathur,1007.0,2.0,64.0,2
raja rajeshwari nagar,1185.0,2.0,40.17,2
whitefield,1760.0,3.0,160.0,3
mysore road,883.0,2.0,40.95,2
electronic city phase ii,1020.0,2.0,27.43,2
sarjapura - attibele road,1555.0,3.0,52.0,3
shampura,700.0,1.0,35.0,2
dasarahalli,1295.0,2.0,65.0,2
yelahanka,1322.0,2.0,80.0,2
other,1533.0,3.0,150.0,3
hebbal kempapura,2900.0,4.0,240.0,3
banashankari stage vi,1180.0,2.0,59.47,2
hsr layout,1140.0,2.0,46.0,2
talaghattapura,1804.0,3.0,115.0,3
kundalahalli,1724.0,3.0,127.0,3
bannerghatta road,1206.0,2.0,53.0,2
jp nagar,1315.0,2.0,85.4,3
9th phase jp nagar,1035.0,2.0,45.0,2
badavala nagar,1274.0,2.0,81.0,2
whitefield,1405.0,2.0,84.5,2
magadi road,1345.0,2.0,55.0,2
other,1602.0,2.0,165.0,3
subramanyapura,1277.0,2.0,55.0,2
bhoganhalli,1444.0,2.0,75.97,2
electronic city,1374.0,2.0,72.0,3
hosur road,1689.0,3.0,103.0,3
hebbal,2483.0,5.0,215.0,4
9th phase jp nagar,1100.0,2.0,65.0,2
jigani,1221.0,3.0,70.0,3
jalahalli east,1020.0,2.0,58.0,2
kalyan nagar,1250.0,2.0,65.0,2
banashankari,1650.0,3.0,90.75,3
electronic city,605.0,1.0,22.0,1
narayanapura,2357.0,3.0,135.0,3
nagavarapalya,1335.0,2.0,110.0,2
rajiv nagar,2340.0,4.0,145.0,4
sector 7 hsr layout,1760.0,3.0,160.0,3
banaswadi,1903.0,6.0,140.0,5
green glen layout,3250.0,4.0,230.0,4
kathriguppe,1365.0,2.0,75.08,3
hennur road,1480.0,3.0,100.0,3
yeshwanthpur,1693.0,3.0,108.0,3
kanakpura road,1498.0,3.0,95.0,3
ramagondanahalli,1295.0,2.0,95.0,2
begur road,1200.0,2.0,44.4,2
jakkur,1100.0,2.0,53.35,2
hegde nagar,1168.0,2.0,68.0,3
hebbal,1740.0,2.0,137.0,3
dasarahalli,2100.0,3.0,120.0,3
other,1368.0,2.0,87.0,2
banashankari stage ii,1250.0,2.0,110.0,2
other,1415.0,2.0,120.0,2
sultan palaya,900.0,2.0,45.0,2
gubbalala,1650.0,3.0,71.0,3
budigere,1153.0,2.0,56.0,2
chandapura,1200.0,2.0,36.0,2
epip zone,2350.0,4.0,163.0,3
other,1998.0,3.0,117.0,3
malleshwaram,900.0,2.0,72.0,2
other,1036.0,2.0,110.0,2
kr puram,1200.0,2.0,72.0,2
balagere,656.0,1.0,34.77,1
ramamurthy nagar,1150.0,2.0,40.0,2
kalyan nagar,820.0,2.0,39.0,2
kambipura,883.0,2.0,39.0,2
kadugodi,1394.0,2.0,56.0,2
electronic city,1275.0,3.0,70.0,3
subramanyapura,929.0,2.0,48.0,2
raja rajeshwari nagar,1419.0,2.0,48.0,2
kammasandra,1030.0,1.0,25.75,2
lingadheeranahalli,1521.0,3.0,94.71,3
jigani,923.0,2.0,50.0,2
hoodi,711.0,1.0,42.65,1
uttarahalli,1788.0,3.0,98.34,3
anandapura,1151.0,2.0,43.1,2
banashankari stage iii,1420.0,2.0,95.0,3
kalena agrahara,1565.0,3.0,78.0,3
other,1400.0,2.0,78.0,3
bannerghatta road,793.0,2.0,45.0,2
kr puram,1150.0,2.0,42.0,2
other,1350.0,2.0,89.5,2
bellandur,1050.0,2.0,72.0,2
kudlu gate,1564.0,2.0,92.0,3
jp nagar,1960.0,3.0,138.0,3
horamavu agara,750.0,2.0,37.49,2
other,1000.0,2.0,66.0,2
ambedkar nagar,1850.0,4.0,139.0,3
begur road,1160.0,2.0,40.59,2
other,1460.0,3.0,88.0,3
yelahanka,1315.0,2.0,85.0,2
banashankari,1650.0,3.0,101.0,3
anekal,1140.0,2.0,52.0,2
other,1040.0,2.0,68.0,2
other,1050.0,2.0,110.0,2
lb shastri nagar,1200.0,2.0,75.0,2
brookefield,1389.0,2.0,94.0,2
iblur village,5384.0,5.0,420.0,5
other,800.0,1.0,95.0,2
ananth nagar,1000.0,2.0,29.7,2
hosa road,1364.0,2.0,64.79,2
hoodi,1420.0,2.0,75.0,2
judicial layout,1165.0,2.0,49.61,2
koramangala,1866.0,4.0,245.0,3
7th phase jp nagar,1180.0,2.0,72.0,2
ambalipura,1230.0,2.0,66.25,2
akshaya nagar,1200.0,2.0,50.0,2
indira nagar,2800.0,4.0,365.0,4
hebbal kempapura,1800.0,3.0,175.0,3
hennur road,2160.0,3.0,160.0,3
gunjur,1356.0,2.0,66.0,3
hennur road,2264.0,3.0,168.0,3
hennur road,1061.0,2.0,54.92,2
hosa road,1243.0,2.0,48.5,2
other,3978.0,4.0,428.0,4
old madras road,1859.0,3.0,121.0,3
whitefield,3453.0,4.0,247.0,4
mysore road,1568.0,2.0,100.0,3
nehru nagar,2363.0,5.0,120.0,4
hebbal,1349.0,2.0,98.0,2
thanisandra,747.0,1.0,34.355,1
electronic city,1070.0,2.0,53.0,2
vidyaranyapura,1000.0,2.0,35.0,2
yelahanka,1566.0,3.0,97.0,3
lakshminarayana pura,1172.0,2.0,75.0,2
kengeri,1035.0,2.0,51.5,2
whitefield,750.0,2.0,52.7,2
kaggadasapura,960.0,2.0,45.0,2
kengeri,1025.0,2.0,57.0,2
kereguddadahalli,1000.0,2.0,30.0,2
thanisandra,965.0,2.0,56.0,2
basavangudi,1600.0,2.0,160.0,3
whitefield,1269.0,2.0,75.0,2
jigani,914.0,2.0,55.0,2
talaghattapura,2038.5,3.0,120.0,3
hsr layout,4200.0,5.0,245.0,5
murugeshpalya,1344.0,2.0,56.0,3
whitefield,2400.0,4.0,143.0,4
malleshwaram,2475.0,4.0,332.0,3
kodihalli,3260.0,5.0,388.0,4
iblur village,1920.0,3.0,130.0,3
sarjapur  road,3900.0,4.0,300.0,4
whitefield,1655.0,3.0,120.0,3
indira nagar,1650.0,3.0,200.0,3
bhoganhalli,2439.0,4.0,185.0,4
vijayanagar,1352.0,2.0,68.0,2
hormavu,1400.0,2.0,75.0,2
whitefield,1280.0,2.0,75.0,2
kadugodi,1762.0,3.0,91.45,3
ombr layout,1165.0,2.0,88.5,2
yelahanka,1234.0,2.0,80.0,2
basavangudi,1800.0,3.0,195.0,3
other,1600.0,2.0,90.0,2
uttarahalli,1685.0,3.0,85.0,3
electronic city,1060.0,2.0,51.0,2
sarjapur  road,950.0,1.0,39.9,1
old madras road,1330.0,2.0,74.0,2
haralur road,1194.0,2.0,46.0,2
kengeri,725.0,2.0,30.0,2
banashankari stage ii,1700.0,2.0,150.0,2
gottigere,990.0,2.0,40.0,2
ananth nagar,908.0,2.0,26.0,2
choodasandra,725.0,2.0,36.0,2
8th phase jp nagar,1900.0,4.0,90.0,3
jp nagar,1050.0,1.0,44.0,1
hennur road,1232.0,2.0,89.0,2
koramangala,5985.0,4.0,775.0,4
other,3200.0,3.0,260.0,3
thanisandra,1564.0,3.0,105.0,3
other,984.0,2.0,125.0,2
hosa road,1133.0,2.0,52.0,2
kudlu gate,1215.0,2.0,45.0,2
akshaya nagar,1280.0,2.0,58.0,2
lb shastri nagar,1000.0,2.0,49.5,2
other,1645.0,3.0,87.5,3
electronic city phase ii,1065.0,2.0,56.13,2
other,1180.0,2.0,74.0,2
ramamurthy nagar,1200.0,2.0,48.0,2
uttarahalli,1330.0,2.0,56.0,3
brookefield,1420.0,3.0,85.0,3
jakkur,1279.0,2.0,77.0,2
frazer town,1180.0,2.0,105.0,2
electronic city phase ii,1266.0,2.0,59.0,2
subramanyapura,1245.0,2.0,68.0,3
whitefield,4500.0,4.0,330.0,4
other,1340.0,2.0,77.0,2
other,1720.0,3.0,95.0,3
tc palaya,900.0,2.0,55.0,2
thanisandra,1996.0,3.0,135.0,3
iblur village,1918.0,3.0,129.0,3
other,1200.0,1.0,70.0,2
jp nagar,1078.0,2.0,45.0,2
other,1413.0,2.0,75.0,3
kereguddadahalli,950.0,2.0,32.0,2
electronic city,1128.0,2.0,65.5,2
electronic city,1128.0,2.0,65.65,2
r.t. nagar,1560.0,3.0,125.0,3
hennur road,1445.0,2.0,83.0,3
benson town,1567.0,3.0,140.0,2
hebbal,1299.0,2.0,100.0,2
uttarahalli,1090.0,2.0,45.0,2
begur,1559.0,3.0,63.0,3
bannerghatta road,1711.0,3.0,125.0,3
haralur road,1255.0,3.0,90.0,3
gunjur,1175.0,2.0,43.48,2
bellandur,1535.0,3.0,90.0,3
hrbr layout,1374.0,2.0,95.0,2
electronic city,1073.0,2.0,60.0,2
ramagondanahalli,540.0,1.0,30.0,1
yelahanka,1322.0,2.0,77.9,2
anjanapura,950.0,2.0,40.0,2
hennur,1231.0,2.0,48.0,2
yelahanka,602.0,1.0,33.0,1
bannerghatta road,1136.0,2.0,48.0,2
raja rajeshwari nagar,1128.0,2.0,40.0,2
lingadheeranahalli,1682.0,3.0,113.0,3
cv raman nagar,1285.0,2.0,65.0,2
gottigere,1230.0,2.0,52.0,3
sonnenahalli,605.0,1.0,30.24,1
kr puram,2000.0,6.0,85.0,6
hebbal,2600.0,3.0,195.0,3
kudlu gate,1532.0,3.0,83.0,3
ulsoor,1275.0,2.0,120.0,2
chandapura,645.0,1.0,16.45,1
ombr layout,1101.0,2.0,65.5,2
bharathi nagar,1351.0,2.0,70.0,2
other,1685.0,3.0,95.0,3
mahadevpura,1450.0,3.0,75.0,3
parappana agrahara,1092.0,2.0,43.0,2
sultan palaya,1700.0,3.0,120.0,3
sahakara nagar,1048.0,2.0,50.0,2
bisuvanahalli,1075.0,2.0,45.0,3
btm 2nd stage,1280.0,2.0,80.0,2
kengeri,1200.0,3.0,67.0,3
electronic city,1500.0,2.0,75.0,3
malleshwaram,2475.0,4.0,300.0,3
other,565.0,1.0,33.0,1
iblur village,3596.0,5.0,279.0,4
other,2045.0,4.0,154.0,3
other,3675.0,4.0,367.0,4
battarahalli,1777.0,3.0,100.0,3
kasavanhalli,4000.0,4.0,325.0,4
abbigere,3000.0,8.0,150.0,8
7th phase jp nagar,1050.0,2.0,68.0,2
kannamangala,2422.0,4.0,135.0,4
7th phase jp nagar,1976.0,3.0,145.0,3
other,1270.0,2.0,175.0,4
akshaya nagar,1419.0,2.0,87.0,3
thanisandra,1965.0,4.0,125.0,3
jigani,918.0,2.0,48.0,2
nri layout,1731.0,3.0,64.11,3
haralur road,1140.0,2.0,58.0,2
malleshwaram,1500.0,2.0,140.0,2
thanisandra,1093.0,2.0,72.0,2
whitefield,1190.0,2.0,70.0,2
chandapura,1025.0,2.0,27.68,2
nagavara,1315.0,2.0,70.0,2
haralur road,1194.0,2.0,47.0,2
tc palaya,1200.0,2.0,70.0,2
budigere,1153.0,2.0,56.4,2
sarjapur  road,1660.0,2.0,116.0,3
bellandur,1201.0,2.0,59.99,2
sarjapur  road,1877.0,4.0,150.0,3
7th phase jp nagar,1215.0,2.0,90.0,2
other,1200.0,2.0,79.0,2
other,2250.0,3.0,180.0,3
other,4046.0,4.0,445.0,4
sonnenahalli,1610.0,3.0,80.48,3
kanakpura road,1300.0,2.0,69.0,3
other,1100.0,3.0,110.0,3
7th phase jp nagar,1175.0,2.0,82.5,2
ananth nagar,960.0,2.0,37.0,2
uttarahalli,1037.0,2.0,36.0,2
hosur road,1508.0,2.0,110.0,3
other,747.0,1.0,27.0,1
kanakpura road,850.0,1.0,37.32,1
akshaya nagar,1419.0,2.0,73.0,3
other,1385.0,3.0,90.0,3
karuna nagar,1945.0,3.0,115.0,3
haralur road,1920.0,3.0,115.0,3
whitefield,2140.0,3.0,139.0,3
sarjapur  road,1157.0,2.0,75.0,3
bellandur,1100.0,2.0,62.0,2
rachenahalli,1050.0,2.0,53.5,2
uttarahalli,1120.0,2.0,50.0,2
marathahalli,1285.0,2.0,55.0,2
kothanur,627.0,1.0,30.0,1
other,1980.0,3.0,224.0,3
bannerghatta road,1400.0,2.0,78.0,2
banashankari,1330.0,2.0,78.0,2
kanakapura,1340.0,2.0,65.0,2
other,600.0,1.0,33.0,1
rayasandra,1314.0,2.0,63.0,3
hebbal kempapura,2280.0,5.0,200.0,5
frazer town,1700.0,3.0,180.0,3
lakshminarayana pura,1195.0,2.0,75.0,2
gottigere,1500.0,3.0,63.0,3
ananth nagar,500.0,1.0,14.0,1
other,1507.0,3.0,80.0,3
malleshwaram,2400.0,3.0,380.0,3
other,450.0,1.0,30.0,1
whitefield,1725.0,3.0,106.0,3
abbigere,765.0,2.0,30.0,1
electronic city,770.0,1.0,39.9,2
hormavu,1129.0,2.0,44.0,2
r.t. nagar,1325.0,2.0,52.0,2
hormavu,1250.0,2.0,60.0,2
sarjapur  road,1550.0,3.0,100.0,3
ambalipura,1607.0,2.0,112.0,3
indira nagar,850.0,1.0,57.0,1
kasturi nagar,1896.0,3.0,125.0,4
kogilu,1140.0,2.0,50.66,2
sarjapura - attibele road,1033.0,2.0,28.41,2
sarjapur,940.0,2.0,25.38,2
hebbal,1920.0,3.0,134.0,3
chandapura,778.0,2.0,25.29,2
hennur road,1654.0,3.0,97.8,3
benson town,1805.0,3.0,280.0,3
bellandur,900.0,2.0,56.0,2
other,814.0,2.0,55.0,2
vijayanagar,492.0,1.0,40.0,1
hosakerehalli,3024.0,5.0,350.0,4
binny pete,1795.0,3.0,139.0,3
kr puram,3628.0,4.0,246.0,4
sonnenahalli,1484.0,3.0,75.0,3
raja rajeshwari nagar,1196.0,2.0,40.54,2
green glen layout,1885.0,3.0,135.0,3
mallasandra,1665.0,3.0,86.91,3
sarjapur,1240.0,2.0,44.3,2
attibele,1000.0,2.0,42.0,2
kudlu gate,1183.0,2.0,79.54,2
malleshpalya,1225.0,2.0,52.0,2
hennur road,1936.0,3.0,118.0,3
hoodi,1639.0,3.0,98.32,3
other,4446.0,3.0,410.0,3
other,7500.0,4.0,900.0,4
thanisandra,1847.0,3.0,123.0,3
other,550.0,1.0,16.0,1
other,620.0,1.0,25.0,1
hennur,1255.0,2.0,54.5,2
koramangala,1320.0,2.0,160.0,2
raja rajeshwari nagar,1587.0,3.0,73.8,3
whitefield,1500.0,3.0,130.0,3
other,1220.0,2.0,72.0,2
hennur road,1232.0,2.0,89.0,2
hebbal,1800.0,3.0,140.0,3
haralur road,1194.0,2.0,46.0,2
kalena agrahara,900.0,2.0,40.0,2
nagarbhavi,1200.0,2.0,150.0,2
bannerghatta road,1510.0,2.0,110.0,3
munnekollal,1080.0,2.0,45.0,2
electronics city phase 1,1335.0,2.0,67.0,2
vishveshwarya layout,2100.0,6.0,92.0,6
electronic city phase ii,1200.0,2.0,34.65,2
bannerghatta road,1215.0,2.0,68.0,2
raja rajeshwari nagar,1196.0,2.0,51.15,2
kaikondrahalli,3381.0,6.0,225.0,6
other,1200.0,3.0,95.0,4
raja rajeshwari nagar,1141.0,2.0,60.0,2
whitefield,1991.0,3.0,104.0,3
haralur road,1140.0,2.0,43.0,2
nagarbhavi,884.0,2.0,36.0,1
1st phase jp nagar,2077.0,3.0,175.0,3
other,1390.0,3.0,120.0,3
jp nagar,1200.0,2.0,78.0,2
whitefield,3252.0,4.0,280.0,4
whitefield,2268.0,3.0,146.0,4
mahadevpura,1152.0,2.0,54.0,2
bannerghatta road,1486.0,3.0,83.22,3
sarjapur  road,1850.0,3.0,140.0,3
margondanahalli,900.0,2.0,49.0,2
other,1279.0,2.0,100.0,2
sarjapura - attibele road,829.0,2.0,22.8,2
kogilu,952.0,2.0,49.0,2
hosa road,800.0,1.0,39.99,1
banashankari,1040.0,2.0,45.0,2
hosur road,1250.0,2.0,55.0,2
other,4000.0,6.0,460.0,6
hebbal,1337.0,2.0,82.0,2
uttarahalli,1101.0,2.0,45.0,2
electronic city phase ii,1140.0,2.0,32.92,2
8th phase jp nagar,1431.5,3.0,72.02,3
kengeri satellite town,1030.0,2.0,50.0,2
talaghattapura,1100.0,2.0,49.49,2
old madras road,1720.0,3.0,106.0,3
banashankari,1350.0,2.0,83.0,3
raja rajeshwari nagar,1240.0,2.0,53.27,2
jp nagar,1690.0,3.0,112.0,3
kothannur,1070.0,2.0,38.6,2
tumkur road,1240.0,2.0,84.0,3
harlur,1174.0,2.0,75.0,2
kudlu gate,1535.0,3.0,86.0,3
doddaballapur,3876.0,3.0,300.0,3
bellandur,1685.0,3.0,101.0,3
begur,815.0,2.0,40.0,2
kalyan nagar,2285.0,4.0,165.0,3
whitefield,1216.0,2.0,79.0,2
binny pete,1365.0,2.0,122.0,2
hennur,1100.0,2.0,60.0,2
devanahalli,2125.0,3.0,107.0,3
hebbal,2470.0,4.0,203.0,4
talaghattapura,2273.0,3.0,145.0,3
kundalahalli,1047.0,2.0,84.0,2
bommasandra industrial area,1400.0,2.0,40.44,3
devarachikkanahalli,1230.0,2.0,58.0,2
other,1550.0,2.0,160.0,2
other,700.0,1.0,25.5,1
subramanyapura,950.0,2.0,55.0,2
other,1600.0,2.0,115.0,2
electronic city,1025.0,2.0,50.0,2
frazer town,3436.0,5.0,345.0,4
other,4395.0,3.0,240.0,3
hennur road,1445.0,2.0,86.69,3
whitefield,3250.0,5.0,290.0,5
bommasandra,1000.0,2.0,35.0,2
amruthahalli,900.0,2.0,40.0,2
hennur,1075.0,2.0,52.0,2
kanakpura road,1843.0,3.0,95.0,3
malleshwaram,1400.0,2.0,190.0,2
basaveshwara nagar,1200.0,2.0,85.0,2
banashankari stage iii,1350.0,2.0,68.0,3
kothanur,1185.0,2.0,59.0,2
kanakpura road,700.0,2.0,36.0,2
vasanthapura,995.0,2.0,34.82,2
cox town,1280.0,2.0,120.0,2
rachenahalli,680.0,1.0,32.64,1
binny pete,660.0,1.0,62.0,1
1st phase jp nagar,1200.0,2.0,86.0,2
doddathoguru,1030.0,2.0,42.0,2
electronic city,1070.0,2.0,52.0,2
thanisandra,662.0,1.0,29.0,1
indira nagar,2400.0,4.0,525.0,4
gottigere,1000.0,2.0,35.0,2
sarjapur  road,1222.0,2.0,68.0,3
doddakallasandra,1010.0,2.0,40.39,2
subramanyapura,1000.0,2.0,45.0,2
benson town,4460.0,5.0,650.0,4
hegde nagar,1584.01,3.0,104.0,3
other,6200.0,5.0,720.0,5
thanisandra,1491.0,3.0,88.0,3
other,1850.0,3.0,98.0,3
prithvi layout,2028.0,4.0,162.0,4
other,1504.0,2.0,100.0,3
jp nagar,1100.0,2.0,70.0,2
kathriguppe,1335.0,2.0,73.43,3
whitefield,709.0,1.0,34.385,1
nri layout,1565.0,2.0,75.0,3
sarjapur  road,1335.0,2.0,95.0,2
7th phase jp nagar,1600.0,2.0,110.0,3
dodda nekkundi,1100.0,2.0,41.16,2
malleshwaram,2475.0,4.0,340.0,3
malleshwaram,2006.0,3.0,297.0,3
kathriguppe,1390.0,2.0,76.45,3
kothanur,1847.0,3.0,110.0,3
rajaji nagar,1314.0,2.0,225.0,2
kudlu gate,1238.0,2.0,55.0,2
indira nagar,1740.0,3.0,191.0,3
bisuvanahalli,1075.0,2.0,44.0,3
electronic city,1070.0,2.0,56.1,2
kumaraswami layout,2400.0,7.0,125.0,7
hosakerehalli,3033.0,4.0,326.0,4
thigalarapalya,1418.0,2.0,101.0,2
electronic city,1070.0,2.0,55.0,2
other,1400.0,2.0,85.0,2
other,660.0,1.0,30.0,1
judicial layout,1300.0,3.0,64.0,3
bellandur,1690.0,2.0,116.0,3
brookefield,1139.0,2.0,80.0,2
btm layout,3300.0,6.0,165.0,6
electronic city phase ii,1065.0,2.0,30.75,2
other,1200.0,3.0,96.25,3
yelahanka,1890.0,3.0,109.0,3
electronic city,1025.0,2.0,53.9,2
chandapura,582.5,1.0,15.135,1
hulimavu,1375.0,2.0,80.0,2
other,2000.0,5.0,240.0,5
other,750.0,1.0,25.0,1
other,1376.0,4.0,156.0,4
thanisandra,662.0,1.0,45.0,1
other,600.0,2.0,39.0,2
harlur,1620.0,3.0,110.0,3
electronic city,1125.0,2.0,58.0,2
harlur,1290.0,2.0,85.0,2
marathahalli,1583.0,3.0,115.0,3
thanisandra,1917.0,3.0,122.0,3
kambipura,1082.0,2.0,56.0,3
chandapura,975.0,2.0,24.86,2
akshaya nagar,1070.0,2.0,54.0,2
other,1200.0,3.0,110.0,3
7th phase jp nagar,1000.0,2.0,60.0,2
ramagondanahalli,1151.0,2.0,43.6,2
koramangala,2292.0,3.0,286.0,3
harlur,1290.0,2.0,87.0,2
bharathi nagar,1349.0,2.0,56.7,2
other,1100.0,2.0,62.0,2
epip zone,2210.0,3.0,165.0,3
jalahalli east,1010.0,2.0,52.0,2
other,1200.0,3.0,85.0,3
other,4560.0,5.0,430.0,4
other,3500.0,4.0,245.0,4
jalahalli,905.0,2.0,55.0,2
bellandur,982.0,2.0,37.28,2
kodigehalli,655.0,1.0,53.0,1
laggere,2800.0,5.0,125.0,5
haralur road,1730.0,3.0,95.0,3
uttarahalli,1300.0,2.0,55.0,2
marathahalli,1125.0,2.0,55.0,2
kammasandra,1415.0,2.0,60.0,2
banashankari stage vi,1423.0,2.0,71.73,3
btm layout,1600.0,3.0,112.0,3
sarjapur  road,1129.0,2.0,69.0,2
other,2800.0,4.0,365.0,4
banashankari,1125.0,2.0,63.0,2
other,1050.0,2.0,110.0,2
other,1080.0,2.0,62.0,2
choodasandra,1075.0,2.0,45.0,2
raja rajeshwari nagar,648.0,1.0,31.75,1
ambalipura,1303.0,2.0,80.0,2
thanisandra,1801.0,3.0,115.0,3
marathahalli,2122.0,3.0,125.0,3
sarjapur  road,1044.0,2.0,55.0,2
5th phase jp nagar,1041.0,2.0,54.0,2
other,1750.0,3.0,120.0,3
bellandur,1281.0,2.0,74.0,2
mahadevpura,1260.0,2.0,57.6,2
other,2150.0,3.0,170.0,3
munnekollal,1390.0,3.0,68.0,3
rajaji nagar,1357.0,2.0,130.0,2
cv raman nagar,1400.0,2.0,78.0,3
garudachar palya,1150.0,2.0,52.75,2
electronic city,1128.0,2.0,65.0,2
marathahalli,1152.0,2.0,56.0,2
chamrajpet,650.0,2.0,45.0,2
other,950.0,1.0,40.0,1
6th phase jp nagar,1213.0,2.0,63.0,2
bisuvanahalli,945.0,2.0,33.0,2
other,1862.0,3.0,120.0,3
other,1100.0,2.0,75.0,2
electronic city,1128.0,2.0,67.0,2
kanakapura,1020.0,2.0,42.83,2
kannamangala,1574.0,3.0,93.34,3
haralur road,1194.0,2.0,46.0,2
banashankari stage v,1305.0,2.0,49.0,3
other,1350.0,2.0,45.0,1
marathahalli,1108.0,2.0,60.0,3
ardendale,1728.0,3.0,95.0,3
electronic city,1039.0,2.0,50.0,2
thanisandra,2030.0,4.0,125.0,3
marathahalli,1102.0,2.0,53.67,2
chandapura,1015.0,2.0,25.88,2
sector 2 hsr layout,1600.0,3.0,90.0,3
sarjapur  road,1691.0,3.0,120.0,3
other,3700.0,4.0,400.0,4
other,1600.0,3.0,172.0,4
gottigere,812.0,1.0,26.0,1
8th phase jp nagar,500.0,1.0,30.0,1
other,2400.0,5.0,180.0,4
other,830.0,2.0,60.0,2
hennur road,1155.0,2.0,69.18,2
bommasandra,1015.0,2.0,40.0,2
hennur road,1359.0,2.0,104.0,2
malleshwaram,1420.0,2.0,158.0,2
kambipura,883.0,2.0,44.0,2
jp nagar,1200.0,2.0,62.0,2
other,905.0,2.0,50.0,2
sarjapur  road,1787.0,3.0,98.29,3
banashankari,1020.0,2.0,40.79,2
whitefield,1216.0,2.0,83.0,2
judicial layout,5400.0,4.0,700.0,5
bommenahalli,1355.0,3.0,135.0,4
channasandra,1065.0,2.0,40.47,2
sarjapur  road,1282.0,2.0,72.0,2
hennur road,2320.0,3.0,170.0,3
sarjapur  road,1700.0,3.0,110.0,3
other,1200.0,4.0,110.0,4
hebbal,1349.0,2.0,97.8,2
tumkur road,1586.0,3.0,100.0,3
other,1801.0,3.0,139.0,3
kodichikkanahalli,995.0,2.0,41.0,2
2nd phase judicial layout,1450.0,2.0,50.75,3
nagavarapalya,705.0,1.0,57.0,1
hebbal,1320.0,2.0,91.0,2
begur road,1584.0,3.0,65.0,3
bommasandra,1005.0,2.0,39.77,2
budigere,1153.0,2.0,58.0,2
hebbal,1162.0,2.0,69.0,2
padmanabhanagar,1000.0,1.0,90.0,2
ambalipura,1150.0,2.0,80.0,2
hebbal,1420.0,2.0,99.39,2
thanisandra,1702.0,3.0,107.0,3
sarakki nagar,1200.0,3.0,128.0,3
poorna pragna layout,960.0,2.0,50.0,2
other,3700.0,4.0,314.0,4
thanisandra,445.0,1.0,28.0,1
electronic city phase ii,1090.0,2.0,28.34,2
other,3420.0,3.0,410.0,4
akshaya nagar,1410.0,2.0,80.0,3
raja rajeshwari nagar,1196.0,2.0,40.44,2
gubbalala,1060.0,2.0,46.0,2
kenchenahalli,715.0,1.0,45.0,1
other,1200.0,4.0,145.0,3
sector 7 hsr layout,1760.0,3.0,145.0,3
ulsoor,1160.0,2.0,130.0,2
hoodi,1050.0,2.0,50.0,2
other,2000.0,3.0,180.0,4
other,2400.0,3.0,200.0,4
kereguddadahalli,904.0,2.0,30.0,2
thanisandra,1098.0,2.0,68.0,2
kudlu,1300.0,2.0,56.0,2
whitefield,1870.0,3.0,138.0,3
6th phase jp nagar,1216.0,2.0,60.0,2
1st phase jp nagar,1875.0,3.0,167.0,3
kodihalli,2500.0,4.0,260.0,3
rayasandra,1199.0,2.0,48.5,3
balagere,1012.0,2.0,68.0,2
hoodi,2400.0,5.0,160.0,5
billekahalli,1125.0,2.0,62.0,2
haralur road,1194.0,2.0,47.0,2
magadi road,1318.0,2.0,68.0,3
kanakapura,1130.0,2.0,45.2,2
sarjapur  road,475.0,1.0,26.0,1
sarjapur  road,3500.0,3.0,275.0,3
rajaji nagar,2559.0,3.0,403.0,3
bannerghatta road,1179.0,2.0,66.02,2
raja rajeshwari nagar,1140.0,2.0,38.55,2
other,800.0,1.0,72.0,1
banashankari,1290.0,2.0,80.0,2
sonnenahalli,1484.0,3.0,74.18,3
other,1200.0,3.0,95.0,4
chikka tirupathi,2704.0,5.0,105.0,4
kanakpura road,1140.0,2.0,65.0,2
somasundara palya,1033.0,2.0,48.0,2
haralur road,3400.0,5.0,240.0,4
kanakpura road,1430.0,2.0,78.0,2
kr puram,1100.0,2.0,45.0,2
bannerghatta road,1520.0,2.0,81.0,3
hebbal,1420.0,2.0,99.39,2
gollarapalya hosahalli,1318.0,3.0,54.0,3
panathur,980.0,2.0,57.0,2
hosakerehalli,925.0,2.0,46.25,2
kereguddadahalli,1240.0,3.0,41.0,3
9th phase jp nagar,1780.0,3.0,88.0,3
electronics city phase 1,585.0,1.0,21.0,1
kasavanhalli,1575.0,2.0,85.0,2
begur road,1410.0,2.0,54.99,3
amruthahalli,1340.0,2.0,75.0,2
vittasandra,1246.0,2.0,64.5,2
kathriguppe,1350.0,2.0,80.99,3
uttarahalli,938.0,2.0,35.0,2
varthur,1560.0,3.0,90.0,3
horamavu agara,1400.0,3.0,63.0,3
thanisandra,1056.0,2.0,70.0,2
somasundara palya,2372.0,3.0,140.0,3
gubbalala,1745.0,3.0,104.0,3
cv raman nagar,1020.0,2.0,55.0,2
sarjapur  road,1826.0,3.0,130.0,3
other,2515.0,4.0,155.0,3
sarjapur  road,1216.0,2.0,70.0,2
yelenahalli,1240.0,2.0,47.12,2
sarjapur,1157.0,2.0,40.0,2
itpl,1500.0,3.0,61.52,3
kannamangala,957.0,2.0,52.5,2
whitefield,1173.0,2.0,78.2,2
jakkur,1950.0,3.0,131.0,3
kammasandra,657.5,1.0,18.41,1
kudlu gate,1215.0,2.0,44.96,2
other,2159.0,3.0,120.0,3
dasanapura,1286.0,2.0,68.0,3
vittasandra,1246.0,2.0,65.4,2
other,3100.0,5.0,425.0,4
hennur road,1036.0,2.0,59.45,2
other,600.0,1.0,22.8,1
malleshpalya,1421.0,2.0,90.0,2
r.t. nagar,1667.0,3.0,130.0,3
kambipura,1082.0,2.0,55.0,3
banashankari stage iii,1305.0,2.0,59.0,3
old madras road,1210.0,2.0,80.0,2
horamavu banaswadi,1460.0,2.0,80.5,2
haralur road,1520.0,2.0,90.0,3
other,1200.0,2.0,66.0,2
banashankari,1770.0,3.0,108.0,3
mysore road,1175.0,2.0,73.5,2
yeshwanthpur,1713.0,3.0,110.0,3
mysore road,1029.5,2.0,50.855,2
marathahalli,1710.0,3.0,100.0,3
devarachikkanahalli,991.0,2.0,40.0,2
marathahalli,2524.0,5.0,190.0,4
kammasandra,610.0,1.0,18.5,1
ardendale,1224.0,2.0,67.0,2
haralur road,1140.0,2.0,43.0,2
koramangala,1325.0,2.0,119.0,2
parappana agrahara,1200.0,1.0,45.0,1
channasandra,1065.0,2.0,36.0,2
electronic city,1500.0,2.0,78.25,3
electronic city,1200.0,2.0,59.0,2
bisuvanahalli,1075.0,2.0,45.0,3
varthur road,850.0,2.0,25.4,2
whitefield,2247.0,3.0,145.0,3
raja rajeshwari nagar,1280.0,3.0,57.6,3
bellandur,1692.0,3.0,88.0,3
rachenahalli,1050.0,2.0,55.5,2
other,1800.0,3.0,192.0,3
kasavanhalli,1377.0,2.0,80.0,2
kothanur,1790.0,3.0,120.0,3
other,1936.0,3.0,139.0,3
banashankari stage ii,2400.0,2.0,300.0,3
banashankari stage ii,3000.0,3.0,450.0,3
other,3000.0,4.0,300.0,5
parappana agrahara,1194.0,2.0,47.0,2
thanisandra,1884.0,4.0,117.0,3
9th phase jp nagar,1466.0,2.0,71.0,2
other,2400.0,6.0,245.0,6
chandapura,1107.0,2.0,43.0,3
other,1758.0,3.0,95.0,3
other,1570.0,2.0,95.0,3
electronic city,1060.0,2.0,52.0,2
other,2075.0,3.0,175.0,3
sarjapur  road,1050.0,2.0,62.0,2
kengeri satellite town,800.0,2.0,40.0,2
thanisandra,2087.0,4.0,139.0,3
bannerghatta road,1122.5,2.0,61.74,2
bannerghatta road,1105.0,2.0,51.0,2
sarjapur,2885.0,3.0,185.0,4
btm 2nd stage,1265.0,2.0,55.0,2
nagarbhavi,1250.0,3.0,170.0,2
electronic city,1265.0,2.0,56.93,2
kasavanhalli,1476.0,3.0,95.0,3
other,1800.0,3.0,230.0,3
dommasandra,850.0,2.0,25.4,2
hennur road,1933.0,3.0,140.0,3
other,3000.0,4.0,240.0,4
kengeri satellite town,818.0,2.0,26.0,2
7th phase jp nagar,1765.0,3.0,118.0,3
banaswadi,1250.0,2.0,60.0,2
marsur,1800.0,4.0,145.0,4
budigere,1991.0,4.0,103.0,3
uttarahalli,1150.0,2.0,45.99,2
thanisandra,1098.0,2.0,71.0,2
sarjapur  road,1157.0,2.0,75.0,3
budigere,1820.0,3.0,99.0,3
hormavu,1385.0,2.0,69.0,3
sarjapur,950.0,2.0,32.5,2
other,3309.0,4.0,325.0,4
other,1158.0,2.0,75.0,2
sompura,825.0,2.0,33.0,2
rajaji nagar,3100.0,4.0,550.0,4
other,3000.0,3.0,400.0,3
raja rajeshwari nagar,1450.0,2.0,67.0,3
chikkabanavar,4000.0,7.0,110.0,8
other,1750.0,3.0,150.0,3
dommasandra,1090.0,2.0,43.5,2
whitefield,2830.0,4.0,161.0,4
yelahanka new town,1740.0,3.0,150.0,3
murugeshpalya,1225.0,2.0,48.0,2
harlur,1335.0,2.0,72.76,2
hebbal,1100.0,2.0,60.0,2
old airport road,1055.0,2.0,75.0,2
ambedkar nagar,1424.0,2.0,90.0,2
other,1200.0,2.0,90.0,2
banashankari,1200.0,2.0,60.0,2
other,950.0,2.0,65.0,2
ramamurthy nagar,1200.0,3.0,72.0,2
5th phase jp nagar,1390.0,2.0,65.0,2
other,4800.0,4.0,420.0,4
hbr layout,1832.0,3.0,160.0,3
other,3317.5,5.0,268.5,4
jakkur,1865.0,3.0,124.0,3
electronic city phase ii,1252.0,2.0,65.0,3
hosur road,1656.0,2.0,120.0,2
other,735.0,1.0,75.0,1
koramangala,1320.0,2.0,160.0,2
7th phase jp nagar,1460.0,2.0,100.0,3
channasandra,1500.0,4.0,89.45,4
kothanur,1760.0,3.0,110.0,3
brookefield,1200.0,2.0,75.0,2
hormavu,1200.0,2.0,68.0,2
other,1800.0,4.0,115.0,3
yelahanka,1633.0,3.0,110.0,3
sarjapur  road,1346.0,2.0,74.03,2
electronic city,1386.0,2.0,85.0,2
basavangudi,1180.0,2.0,124.0,2
gunjur,1071.0,2.0,51.0,2
raja rajeshwari nagar,1157.0,2.0,65.0,2
ngr layout,1020.0,2.0,45.0,2
nehru nagar,1674.0,3.0,90.0,3
other,1450.0,2.0,90.0,2
other,1793.0,3.0,98.0,3
electronic city,1363.0,2.0,79.0,2
yelahanka new town,1290.0,2.0,70.0,2
other,2559.0,1.0,55.0,1
sarjapur  road,3420.0,4.0,225.0,4
marathahalli,1095.0,2.0,60.0,2
electronic city,1360.0,2.0,70.0,3
ardendale,1750.0,3.0,100.0,3
akshaya nagar,1092.0,2.0,60.0,2
chandapura,645.0,1.0,16.45,1
frazer town,1315.0,2.0,140.0,2
hormavu,1141.0,2.0,44.4,2
uttarahalli,1345.0,2.0,67.0,2
kammasandra,870.0,2.0,24.0,2
varthur,1280.0,2.0,65.0,2
hsr layout,1140.0,2.0,46.0,2
other,1200.0,3.0,72.0,3
electronic city,635.0,1.0,28.0,1
channasandra,1030.0,2.0,34.5,2
hulimavu,1315.0,2.0,60.48,2
padmanabhanagar,1258.0,2.0,115.0,2
ananth nagar,850.0,2.0,25.99,2
pai layout,1510.0,2.0,65.0,3
uttarahalli,1175.0,2.0,47.0,2
other,680.0,3.0,60.0,2
ramamurthy nagar,1200.0,2.0,78.0,2
whitefield,1255.0,2.0,77.0,2
hal 2nd stage,2040.0,4.0,500.0,5
mysore road,1070.0,2.0,45.0,2
doddaballapur,1690.0,3.0,80.0,4
jp nagar,1157.0,2.0,73.0,2
hennur road,1891.0,3.0,109.0,3
kasavanhalli,1125.0,2.0,61.2,2
7th phase jp nagar,1130.0,2.0,73.0,2
jakkur,1282.0,2.0,72.0,2
sanjay nagar,1150.0,2.0,70.0,2
margondanahalli,1200.0,2.0,65.0,2
other,1500.0,2.0,203.0,2
kr puram,1142.0,2.0,51.0,2
electronics city phase 1,1175.0,2.0,64.98,2
kammasandra,1080.0,2.0,31.99,2
electronics city phase 1,1450.0,3.0,72.54,3
whitefield,1230.0,4.0,80.0,4
whitefield,4827.0,4.0,400.0,4
malleshpalya,1245.0,2.0,55.0,2
bannerghatta road,1302.5,2.0,67.73,2
devanahalli,2400.0,5.0,100.0,5
other,600.0,2.0,55.0,2
rajaji nagar,2409.0,3.0,360.0,3
other,2400.0,3.0,260.0,3
begur road,1200.0,2.0,45.0,2
whitefield,877.0,1.0,59.0,1
jalahalli,1200.0,4.0,90.0,4
kengeri satellite town,1120.0,2.0,49.0,2
bommenahalli,1232.0,3.0,96.0,3
horamavu agara,1107.83,2.0,41.51,2
beml layout,999.0,2.0,45.0,2
gottigere,1460.0,2.0,65.0,3
old airport road,2774.0,4.0,197.0,4
kr puram,1290.0,2.0,49.02,2
hoodi,1400.0,2.0,82.0,2
raja rajeshwari nagar,1570.0,3.0,88.0,3
hennur,1255.0,2.0,56.5,2
anandapura,1141.0,2.0,42.75,2
subramanyapura,1200.0,2.0,52.0,2
hennur road,1586.0,3.0,93.94,3
other,1810.0,4.0,148.0,3
thigalarapalya,2072.0,4.0,159.0,3
electronic city phase ii,1252.0,2.0,67.0,2
other,2000.0,3.0,175.0,3
gottigere,1222.0,2.0,63.0,2
bellandur,1685.0,3.0,115.0,3
other,1370.0,2.0,75.0,2
other,1100.0,2.0,61.0,2
abbigere,1020.0,2.0,41.82,2
nagarbhavi,1100.0,2.0,46.2,2
thanisandra,2072.0,3.0,122.0,3
hoodi,1305.0,2.0,75.0,2
sarjapur  road,2140.0,3.0,139.0,3
sector 2 hsr layout,1665.0,3.0,110.0,3
7th phase jp nagar,1140.0,2.0,57.0,2
ambalipura,1332.0,2.0,79.0,2
thanisandra,2127.0,3.0,135.0,3
jakkur,1650.0,3.0,111.0,3
marathahalli,1950.0,3.0,115.0,3
dasarahalli,1333.0,2.0,78.56,2
other,1044.0,2.0,60.0,2
lingadheeranahalli,2236.0,4.0,153.0,4
gottigere,1613.0,3.0,72.0,3
harlur,1197.0,2.0,77.0,2
haralur road,1194.0,2.0,46.0,2
talaghattapura,2038.5,3.0,122.0,3
9th phase jp nagar,1079.0,2.0,60.0,2
rajaji nagar,1350.0,4.0,230.0,4
uttarahalli,1025.0,2.0,35.88,2
benson town,1688.0,2.0,280.0,2
electronic city,1108.0,2.0,63.0,2
green glen layout,1751.0,2.0,115.0,3
kambipura,883.0,2.0,45.0,2
kumaraswami layout,3100.0,7.0,145.0,7
koramangala,1100.0,2.0,85.0,2
uttarahalli,1689.28,3.0,91.2,3
hosa road,1161.0,2.0,55.15,2
kaggadasapura,1500.0,2.0,75.0,3
bannerghatta road,1160.0,2.0,45.0,2
bisuvanahalli,1075.0,2.0,42.0,3
raja rajeshwari nagar,1306.0,2.0,55.91,2
other,1245.0,2.0,120.0,2
neeladri nagar,1100.0,2.0,30.0,2
lakshminarayana pura,1145.0,2.0,75.0,2
cox town,1650.0,3.0,100.0,3
bharathi nagar,1300.0,2.0,55.86,2
mahadevpura,1400.0,2.0,65.8,3
other,703.0,2.0,60.0,2
cooke town,1710.0,2.0,200.0,2
6th phase jp nagar,1140.0,2.0,65.0,2
malleshwaram,12000.0,7.0,2200.0,7
panathur,1255.0,2.0,79.0,2
epip zone,1330.0,2.0,92.5,2
uttarahalli,1328.0,2.0,56.0,3
kr puram,700.0,1.0,21.5,1
thanisandra,1492.0,3.0,88.0,3
other,2180.0,3.0,273.0,3
sanjay nagar,1575.0,2.0,90.0,2
sarjapur  road,1489.0,3.0,88.0,3
chikka tirupathi,3250.0,4.0,136.0,4
sanjay nagar,1800.0,3.0,180.0,3
yeshwanthpur,1362.0,2.0,100.0,2
kannamangala,1536.0,3.0,104.0,3
other,2400.0,6.0,125.0,8
begur road,1600.0,3.0,58.14,3
frazer town,1870.0,3.0,185.0,3
other,1750.0,2.0,225.0,4
hennur road,950.0,2.0,55.0,2
other,1991.0,3.0,160.0,3
5th block hbr layout,1270.0,2.0,70.0,3
electronic city,1128.0,2.0,64.8,2
domlur,640.0,1.0,55.0,1
other,2000.0,3.0,207.0,3
hoskote,1170.0,2.0,45.0,2
sarjapur,1175.0,2.0,42.0,2
vidyaranyapura,945.0,2.0,40.0,2
other,3160.0,4.0,206.0,4
tumkur road,992.0,2.0,60.0,2
kanakpura road,983.0,2.0,50.6,2
sarjapur,2585.5,4.0,139.5,4
hennur road,1305.0,2.0,77.0,3
kanakapura,2200.0,3.0,121.0,3
kothanur,1074.0,2.0,54.0,2
lakshminarayana pura,1185.0,2.0,75.0,2
lakshminarayana pura,1172.0,2.0,82.0,2
koramangala,1580.0,3.0,160.0,3
chandapura,975.0,2.0,24.86,2
yeshwanthpur,1185.0,2.0,75.84,2
other,1130.0,2.0,74.0,2
uttarahalli,1270.0,2.0,55.25,3
other,3500.0,3.0,450.0,4
5th block hbr layout,1206.0,2.0,56.0,2
r.t. nagar,1200.0,2.0,60.0,2
sarjapur  road,1660.0,3.0,116.0,3
hosakerehalli,1596.0,3.0,79.8,3
sarjapur  road,1680.0,3.0,112.0,3
chikka tirupathi,2665.0,5.0,125.0,4
bhoganhalli,2439.0,5.0,170.0,4
kadubeesanahalli,1140.0,2.0,78.0,2
yelachenahalli,1330.0,3.0,73.5,3
6th phase jp nagar,3245.0,4.0,250.0,4
banaswadi,1184.0,2.0,53.0,2
raja rajeshwari nagar,1206.0,2.0,40.7,2
other,540.0,1.0,36.0,1
sarjapur  road,1691.0,3.0,119.0,3
rajaji nagar,2409.0,3.0,395.0,3
sector 7 hsr layout,1163.0,2.0,98.86,2
garudachar palya,1150.0,2.0,52.0,2
sultan palaya,1070.0,2.0,49.0,2
nagarbhavi,1120.0,2.0,53.0,2
thanisandra,663.0,1.0,32.82,1
marathahalli,1200.0,2.0,58.0,2
jalahalli east,750.0,1.0,40.0,1
bommasandra,1035.0,2.0,41.0,2
dodda nekkundi,1252.0,2.0,71.0,3
whitefield,1768.0,3.0,101.0,3
uttarahalli,1050.0,2.0,42.0,2
other,3000.0,3.0,265.0,3
other,1200.0,4.0,150.0,4
jp nagar,1500.0,2.0,87.0,4
7th phase jp nagar,1680.0,3.0,125.0,3
jalahalli,600.0,1.0,37.0,1
yeshwanthpur,670.0,1.0,36.85,1
kathriguppe,1300.0,3.0,77.99,3
hebbal,1255.0,2.0,90.0,3
vijayanagar,2400.0,2.0,230.0,1
malleshwaram,1290.0,2.0,120.0,2
mysore road,1155.0,2.0,51.0,2
electronics city phase 1,1190.0,2.0,68.0,2
choodasandra,1180.0,2.0,71.22,2
other,720.0,1.0,32.39,1
kaval byrasandra,1400.0,3.0,75.0,3
kaggadasapura,1150.0,2.0,45.0,2
sarjapur  road,1145.0,2.0,62.0,2
1st phase jp nagar,2059.0,3.0,225.0,3
other,1353.0,2.0,110.0,3
rajaji nagar,1440.0,2.0,185.0,2
bellandur,1260.0,2.0,83.5,2
bellandur,1200.0,2.0,62.0,2
hebbal,1255.0,2.0,95.0,3
sarjapur  road,2880.0,3.0,211.0,4
btm layout,1458.0,3.0,79.0,3
other,3500.0,5.0,450.0,4
whitefield,1362.0,2.0,85.0,2
bhoganhalli,1447.0,2.0,75.97,2
vijayanagar,1450.0,3.0,100.0,3
thanisandra,1056.0,2.0,65.0,2
other,1620.0,3.0,95.0,3
green glen layout,1600.0,3.0,105.0,3
yelenahalli,1260.0,2.0,47.88,2
begur road,1160.0,2.0,36.54,2
other,1200.0,2.0,67.0,2
sonnenahalli,1268.0,2.0,56.0,2
sarjapur,1200.0,3.0,76.13,3
other,1277.0,2.0,92.0,2
kaggadasapura,1215.0,2.0,43.0,2
bannerghatta road,892.0,2.0,39.0,2
hebbal kempapura,3522.0,3.0,380.0,3
raja rajeshwari nagar,1757.0,3.0,98.0,3
sarjapur,1095.0,2.0,45.0,2
other,1353.0,2.0,110.0,2
hbr layout,1722.0,3.0,95.0,3
kaval byrasandra,1060.0,2.0,45.0,2
seegehalli,800.0,1.0,50.0,2
jakkur,1290.0,2.0,80.0,2
electronics city phase 1,1175.0,2.0,60.0,2
banjara layout,2500.0,4.0,140.0,3
kundalahalli,1397.0,3.0,105.0,3
chikkabanavar,600.0,1.0,25.0,2
horamavu agara,755.0,2.0,37.49,2
padmanabhanagar,4500.0,4.0,360.0,3
bannerghatta road,1215.0,2.0,50.0,2
singasandra,1030.0,2.0,55.0,2
other,1503.0,2.0,93.0,3
hennur,1100.0,2.0,44.55,2
other,1500.0,2.0,88.0,2
dasanapura,814.0,2.0,43.7,2
battarahalli,1779.0,3.0,90.0,3
attibele,418.0,2.0,11.5,1
giri nagar,2400.0,4.0,400.0,4
bhoganhalli,1760.0,3.0,127.0,3
electronic city phase ii,1140.0,2.0,33.06,2
bannerghatta road,1015.0,2.0,48.0,2
bellandur,1250.0,2.0,76.0,2
whitefield,3252.0,4.0,230.0,4
tc palaya,900.0,2.0,55.0,2
other,2500.0,2.0,300.0,3
haralur road,1810.0,3.0,100.0,3
battarahalli,1090.0,2.0,38.37,2
other,1000.0,2.0,80.0,2
yelachenahalli,1365.0,2.0,72.0,3
other,1500.0,3.0,115.0,3
ramagondanahalli,1251.0,2.0,47.0,2
vittasandra,1404.0,2.0,75.0,2
kothanur,1460.0,3.0,71.0,3
hennur,1255.0,2.0,57.5,2
murugeshpalya,1185.0,2.0,85.0,2
malleshwaram,900.0,2.0,95.0,2
akshaya nagar,1662.0,3.0,90.0,3
other,630.0,2.0,70.0,1
other,1143.0,2.0,62.0,2
cunningham road,3875.0,3.0,800.0,3
thigalarapalya,1418.0,2.0,104.0,2
banashankari stage v,1510.0,3.0,47.57,3
hosakerehalli,600.0,2.0,65.0,2
other,3000.0,6.0,300.0,6
sector 7 hsr layout,1162.0,2.0,98.77,2
cv raman nagar,1028.0,2.0,49.0,2
other,900.0,1.0,52.3,1
other,3400.0,3.0,400.0,3
bannerghatta road,1200.0,2.0,65.0,2
begur road,1240.0,2.0,45.88,2
hebbal,687.325,2.0,42.72,2
kalena agrahara,1200.0,2.0,50.0,2
kudlu gate,1850.0,3.0,120.0,3
other,600.0,1.0,52.0,1
raja rajeshwari nagar,1525.0,2.0,99.13,3
other,1499.0,3.0,89.0,3
kaggadasapura,775.0,2.0,29.5,2
whitefield,1216.0,2.0,75.0,2
dodda nekkundi,1100.0,2.0,41.18,2
other,850.0,1.0,50.0,1
other,5720.0,3.0,350.0,3
hsr layout,1372.0,2.0,68.0,2
bommasandra,1365.0,3.0,52.81,3
shampura,2650.0,4.0,150.0,4
old madras road,1100.0,2.0,70.0,2
raja rajeshwari nagar,1030.0,2.0,50.0,2
basaveshwara nagar,1865.0,3.0,145.0,3
gottigere,1110.0,2.0,36.25,2
koramangala,1744.0,3.0,200.0,3
hosa road,1245.0,2.0,62.0,2
shampura,1475.0,3.0,78.0,3
other,1250.0,2.0,70.0,3
kengeri,1200.0,2.0,58.0,2
chandapura,645.0,1.0,16.45,1
tc palaya,1200.0,2.0,70.0,2
kundalahalli,1047.0,2.0,72.0,2
harlur,1756.0,3.0,131.0,3
electronic city,1360.0,2.0,70.5,3
sahakara nagar,1914.0,3.0,179.0,3
uttarahalli,1345.0,2.0,57.0,3
kodichikkanahalli,1070.0,2.0,43.0,2
padmanabhanagar,1020.0,2.0,63.0,2
electronic city,1650.0,3.0,100.0,3
channasandra,1175.0,2.0,38.0,2
hebbal,1420.0,2.0,123.0,2
kalyan nagar,1080.0,2.0,73.0,2
singasandra,1139.7,2.0,45.0,2
indira nagar,3250.0,8.0,600.0,8
sarjapur  road,2180.0,3.0,170.0,3
2nd stage nagarbhavi,1500.0,4.0,220.0,4
kothannur,1215.0,2.0,48.6,3
other,1350.0,2.0,110.0,2
horamavu agara,1200.0,2.0,45.0,2
thanisandra,1261.0,2.0,80.0,3
rayasandra,1179.0,2.0,55.0,3
kalyan nagar,1640.0,3.0,88.0,3
whitefield,630.5,1.0,32.79,1
gottigere,1200.0,2.0,40.0,2
choodasandra,1300.0,2.0,57.0,2
gollarapalya hosahalli,1345.0,3.0,60.0,3
other,2010.0,3.0,125.0,3
hebbal,1088.0,2.0,62.0,2
yeshwanthpur,666.0,1.0,36.8,1
other,1200.0,4.0,165.0,4
whitefield,1346.0,2.0,96.17,2
hennur road,1832.0,3.0,116.0,3
electronic city phase ii,575.0,1.0,16.75,1
gunjur,1140.0,2.0,43.0,2
bommanahalli,1050.0,2.0,54.0,2
electronic city,1500.0,2.0,64.5,3
hebbal,1645.0,3.0,135.0,3
lb shastri nagar,1043.0,2.0,55.0,2
sanjay nagar,1050.0,2.0,59.0,2
koramangala,1260.0,2.0,100.0,2
horamavu agara,1060.0,2.0,37.0,2
other,1600.0,3.0,95.0,3
anandapura,1200.0,2.0,66.0,3
kathriguppe,1335.0,2.0,73.43,3
other,925.0,2.0,51.0,2
kanakpura road,1843.0,3.0,96.2,3
gunjur,1588.0,2.0,90.0,3
raja rajeshwari nagar,1141.0,2.0,38.55,2
mahadevpura,1120.0,2.0,53.0,2
rayasandra,1708.0,3.0,76.0,4
tindlu,1100.0,2.0,55.0,2
horamavu agara,2400.0,3.0,80.0,5
whitefield,3075.0,2.0,188.0,4
haralur road,1027.0,1.0,44.0,2
panathur,1210.0,2.0,69.0,2
jakkur,1396.0,2.0,86.51,3
bommasandra,842.0,2.0,30.0,2
other,1630.0,2.0,130.0,3
benson town,1300.0,2.0,120.0,2
bannerghatta road,1215.0,2.0,65.0,2
chandapura,530.0,1.0,11.66,1
haralur road,1092.0,2.0,44.0,2
other,500.0,1.0,24.0,1
thubarahalli,1216.0,2.0,80.0,2
yeshwanthpur,674.0,1.0,36.85,1
jp nagar,1100.0,2.0,45.0,2
ambalipura,1198.0,2.0,80.0,2
hulimavu,688.0,1.0,50.0,1
other,1350.0,2.0,140.0,3
hebbal,1162.0,2.0,59.0,2
hebbal kempapura,2400.0,5.0,200.0,5
yelahanka,1705.0,3.0,95.0,3
other,648.0,1.0,34.0,1
anandapura,1151.0,2.0,43.16,2
anjanapura,1076.0,2.0,30.13,2
thanisandra,1296.0,2.0,72.0,2
kothanur,1462.0,3.0,71.0,3
kanakpura road,1339.0,2.0,75.0,2
uttarahalli,1075.0,2.0,40.0,2
electronic city,1360.0,2.0,75.0,3
hulimavu,1916.0,2.0,150.0,3
other,2197.0,4.0,280.0,3
other,975.0,2.0,55.0,2
uttarahalli,1075.0,2.0,46.76,2
vidyaranyapura,1188.0,2.0,50.0,2
raja rajeshwari nagar,1168.0,2.0,66.0,2
badavala nagar,1494.0,2.0,94.55,3
other,1864.0,3.0,120.0,3
kaikondrahalli,1645.0,3.0,100.0,3
hennur,1255.0,2.0,52.35,2
sarjapur,900.0,2.0,42.0,3
raja rajeshwari nagar,1196.0,2.0,51.51,2
uttarahalli,1329.0,2.0,56.0,3
7th phase jp nagar,1000.0,2.0,53.0,2
domlur,650.0,1.0,70.0,1
banashankari,1430.0,2.0,87.8,2
thubarahalli,1330.0,2.0,75.0,2
other,1163.0,2.0,68.0,2
ambedkar nagar,1850.0,4.0,120.0,3
marathahalli,1215.0,2.0,67.0,2
other,3210.0,4.0,380.0,3
whitefield,1615.0,3.0,96.9,3
raja rajeshwari nagar,1151.0,2.0,49.0,2
other,1600.0,4.0,120.0,3
sarjapur  road,1278.0,2.0,95.0,2
sompura,2150.0,3.0,85.0,4
bannerghatta road,1532.5,3.0,84.29,3
other,1060.0,2.0,60.0,2
dodda nekkundi,1390.0,2.0,60.0,2
horamavu banaswadi,1272.0,2.0,48.0,2
electronic city phase ii,911.0,2.0,26.5,2
electronic city,435.0,1.0,22.0,1
7th phase jp nagar,1000.0,1.0,60.0,1
other,1200.0,5.0,150.0,4
anekal,420.0,1.0,12.5,1
nagavarapalya,705.0,1.0,55.0,1
whitefield,1639.0,3.0,107.0,3
horamavu agara,1090.0,2.0,46.0,2
balagere,1205.47,2.0,81.0,2
neeladri nagar,2556.0,3.0,133.0,3
nagarbhavi,1212.0,2.0,50.0,2
marathahalli,780.0,1.0,55.0,1
cv raman nagar,1125.0,2.0,46.0,2
harlur,1756.0,3.0,134.0,3
other,1200.0,2.0,80.0,3
other,1350.0,4.0,90.0,4
other,1232.0,2.0,94.28,2
haralur road,1315.0,2.0,85.0,2
panathur,1210.0,2.0,77.93,2
kadugodi,1875.0,2.0,110.0,3
horamavu agara,1756.0,3.0,92.0,3
channasandra,1115.0,2.0,33.45,2
kammasandra,1015.0,2.0,37.0,2
whitefield,1697.0,3.0,94.79,3
attibele,695.0,1.0,25.0,2
iblur village,3596.0,5.0,297.0,4
sarjapur  road,984.0,2.0,59.0,2
btm 2nd stage,1400.0,2.0,90.0,2
haralur road,1520.0,2.0,85.0,3
doddathoguru,850.0,2.0,25.0,2
electronics city phase 1,1170.0,2.0,62.0,2
ngr layout,1021.0,2.0,46.0,2
hosur road,1170.0,2.0,48.0,2
raja rajeshwari nagar,1279.0,2.0,53.76,3
hebbal,2483.0,5.0,230.0,4
marathahalli,1602.0,2.0,104.0,2
pai layout,1006.0,2.0,35.0,2
ardendale,1224.0,2.0,70.0,2
uttarahalli,1180.0,2.0,41.3,2
marathahalli,1595.0,3.0,88.0,3
yelahanka,2317.0,4.0,140.0,3
kundalahalli,1047.0,2.0,91.0,2
tc palaya,1500.0,2.0,100.0,3
other,2100.0,3.0,170.0,3
other,1050.0,2.0,65.0,2
raja rajeshwari nagar,1133.0,2.0,49.07,2
kanakpura road,1507.0,2.0,95.0,3
old airport road,1655.0,2.0,97.65,2
9th phase jp nagar,1073.0,2.0,52.36,2
old madras road,2300.0,3.0,142.0,3
uttarahalli,1125.0,2.0,47.0,2
other,1150.0,2.0,125.0,2
green glen layout,1250.0,2.0,75.0,2
other,1200.0,4.0,80.0,3
other,2204.0,2.0,305.0,3
kammanahalli,1100.0,2.0,60.0,2
harlur,1755.0,3.0,115.0,3
mahalakshmi layout,1575.0,5.0,158.0,4
other,1770.0,3.0,99.0,3
other,560.0,1.0,21.0,1
other,1500.0,3.0,100.0,3
other,1945.0,3.0,135.0,3
margondanahalli,1200.0,2.0,58.5,2
other,2400.0,4.0,300.0,5
doddathoguru,1549.0,3.0,65.0,3
jakkur,1424.0,2.0,80.0,2
whitefield,2842.0,3.0,162.0,3
banashankari stage iii,2100.0,3.0,147.0,4
whitefield,3758.0,3.0,300.0,3
other,1500.0,1.0,37.5,1
sarjapur  road,1342.0,2.0,70.0,2
sarjapur,649.5,1.0,17.535,1
other,801.0,1.0,33.645,1
other,1693.0,3.0,108.0,3
marathahalli,1019.0,2.0,49.86,2
raja rajeshwari nagar,1260.0,2.0,67.39,2
malleshwaram,1410.0,2.0,125.0,2
nagarbhavi,1400.0,2.0,135.0,3
other,1839.0,3.0,160.0,3
7th phase jp nagar,1190.0,2.0,49.98,2
yelahanka new town,500.0,2.0,24.0,1
old airport road,1184.0,2.0,78.0,2
kanakpura road,525.0,1.0,26.25,1
other,1500.0,4.0,110.0,4
electronics city phase 1,1515.0,2.0,80.91,3
7th phase jp nagar,1120.0,2.0,65.0,2
whitefield,1150.0,2.0,90.0,2
sector 7 hsr layout,1760.0,3.0,185.0,3
horamavu agara,1265.0,2.0,65.0,3
electronics city phase 1,580.0,1.0,27.0,1
hennur,2400.0,3.0,135.0,3
1st block jayanagar,2450.0,4.0,368.0,4
raja rajeshwari nagar,1255.0,2.0,42.54,2
narayanapura,1566.0,3.0,83.3,3
ramagondanahalli,1610.0,2.0,112.0,3
other,1350.0,4.0,160.0,4
raja rajeshwari nagar,1210.0,2.0,45.0,2
kaggadasapura,1132.0,2.0,42.0,2
ngr layout,1022.0,2.0,45.9,2
ardendale,1750.0,3.0,100.0,3
epip zone,1860.0,3.0,130.0,3
doddathoguru,1595.0,3.0,62.0,3
whitefield,1200.0,2.0,70.0,2
other,1265.0,2.0,68.0,2
electronic city phase ii,1125.0,2.0,32.49,2
hulimavu,1011.0,2.0,38.0,2
anekal,625.0,1.0,25.0,2
other,1875.0,3.0,165.0,3
other,650.0,1.0,26.0,1
panathur,1688.0,3.0,118.0,3
1st block jayanagar,1875.0,2.0,235.0,3
marathahalli,1215.0,2.0,58.86,2
other,1260.0,1.0,41.0,1
other,1030.0,2.0,61.0,2
whitefield,905.0,1.0,52.0,1
bannerghatta road,1000.0,2.0,44.5,2
hebbal,1088.0,2.0,61.45,2
hennur road,1065.0,2.0,42.6,2
sarjapur  road,1233.0,2.0,77.65,2
whitefield,1850.0,3.0,150.0,3
ramagondanahalli,1251.0,2.0,47.4,2
other,1201.0,2.0,65.0,2
haralur road,1027.0,2.0,44.0,2
bannerghatta road,912.0,2.0,55.0,2
whitefield,1660.0,3.0,110.0,3
jalahalli,790.0,2.0,49.5,2
begur road,1215.0,2.0,43.13,2
thigalarapalya,1418.0,2.0,104.0,2
nagarbhavi,1350.0,3.0,150.0,3
amruthahalli,1202.0,2.0,65.0,2
other,1800.0,3.0,140.0,3
electronic city,530.0,1.0,13.5,1
yelahanka,1614.0,3.0,95.0,3
hsr layout,1650.0,3.0,110.0,3
other,800.0,1.0,32.0,1
hennur,1255.0,2.0,55.5,2
marathahalli,1205.0,2.0,75.0,2
isro layout,1000.0,2.0,60.0,2
kaggalipura,700.0,1.0,35.0,1
hennur road,1182.0,2.0,82.5,2
uttarahalli,1200.0,3.0,50.0,3
marathahalli,2500.0,5.0,175.0,4
hennur road,1450.0,3.0,88.6,3
other,425.0,1.0,15.0,1
domlur,1246.0,2.0,95.0,2
hsr layout,1185.0,2.0,60.0,2
other,2750.0,6.0,200.0,6
kanakpura road,525.0,1.0,26.0,1
2nd stage nagarbhavi,1500.0,3.0,230.0,4
kundalahalli,1397.0,3.0,105.0,3
pai layout,1075.0,2.0,35.0,2
other,1850.0,3.0,175.0,6
panathur,1065.0,2.0,58.0,2
whitefield,5400.0,5.0,475.0,4
other,2080.0,2.0,150.0,2
bommasandra,1260.0,3.0,49.36,3
ambedkar nagar,1409.0,2.0,95.0,2
parappana agrahara,1194.0,2.0,47.0,2
other,750.0,2.0,50.0,1
kodichikkanahalli,1190.0,2.0,57.0,3
mysore road,1710.0,4.0,91.31,3
attibele,850.0,1.0,25.0,2
banashankari,1020.0,2.0,42.83,2
kr puram,866.28,2.0,36.38,2
kanakpura road,1050.0,2.0,59.0,3
8th phase jp nagar,1100.0,2.0,35.0,2
electronic city,1400.0,3.0,90.0,3
other,2350.0,3.0,210.0,3
rajiv nagar,2340.0,5.0,129.0,4
pai layout,1068.0,2.0,48.0,2
marathahalli,1125.0,2.0,54.8,2
bellandur,924.0,2.0,35.11,2
kr puram,1015.0,2.0,43.0,2
billekahalli,1360.0,2.0,110.0,2
hosa road,1360.0,2.0,77.61,2
sarjapur,2238.0,3.0,140.0,3
malleshwaram,2475.0,4.0,337.0,3
hoodi,3385.0,4.0,220.0,4
haralur road,1850.0,3.0,120.0,3
other,1464.0,2.0,115.0,3
mico layout,1550.0,2.0,65.0,3
banashankari,1600.0,2.0,63.98,2
ambedkar nagar,1862.0,3.0,119.0,3
yeshwanthpur,673.0,1.0,36.85,1
whitefield,1639.5,3.0,92.63,3
banashankari,1400.0,2.0,78.0,3
indira nagar,2070.0,3.0,225.0,3
haralur road,1243.0,2.0,46.0,2
other,1680.0,3.0,135.0,3
jakkur,1798.0,3.0,110.0,3
other,1244.0,2.0,95.0,2
rayasandra,1458.0,3.0,60.0,3
yeshwanthpur,665.0,1.0,36.85,1
begur road,1200.0,2.0,46.8,2
raja rajeshwari nagar,1100.0,2.0,50.0,2
sarjapur,1285.0,2.0,68.0,3
electronic city phase ii,1140.0,2.0,28.5,2
other,1645.0,3.0,95.0,3
lakshminarayana pura,1210.0,2.0,75.0,2
dommasandra,999.0,2.0,32.9,2
kasavanhalli,1121.0,2.0,78.0,2
rachenahalli,1050.0,2.0,52.07,2
bharathi nagar,1328.0,2.0,69.0,2
haralur road,1225.0,2.0,67.38,2
other,1530.0,2.0,97.0,3
epip zone,1343.0,2.0,86.0,2
vasanthapura,1135.0,2.0,39.73,2
uttarahalli,900.0,2.0,35.0,2
begur road,1215.0,2.0,43.75,2
hennur,1255.0,2.0,58.0,2
electronic city phase ii,1000.0,2.0,25.0,2
whitefield,1820.0,3.0,140.0,3
gollarapalya hosahalli,861.0,2.0,34.5,2
other,933.0,2.0,55.0,2
hulimavu,1260.0,2.0,82.0,3
other,1560.0,5.0,145.0,5
whitefield,4000.0,4.0,330.0,4
sanjay nagar,1100.0,2.0,98.0,2
giri nagar,1350.0,3.0,240.0,3
other,1200.0,2.0,75.6,3
other,1190.0,2.0,100.0,2
other,1400.0,3.0,90.0,3
vijayanagar,989.0,2.0,60.0,2
other,2820.0,3.0,285.0,3
hormavu,965.0,2.0,37.15,2
other,1650.0,3.0,175.0,3
banashankari,1426.0,3.0,85.0,3
varthur,1055.0,2.0,45.35,2
cooke town,2560.0,4.0,310.0,3
electronic city,1360.0,2.0,71.0,3
other,1280.0,2.0,75.0,2
other,1125.0,2.0,75.0,2
talaghattapura,1804.0,3.0,127.0,3
kudlu gate,1919.0,3.0,121.0,3
mahadevpura,1137.0,2.0,53.4,2
ramagondanahalli,1251.0,2.0,46.0,2
raja rajeshwari nagar,1070.0,2.0,50.0,2
whitefield,840.0,1.0,57.0,1
jalahalli,1045.0,2.0,76.77,2
other,1200.0,4.0,135.0,4
ananth nagar,500.0,1.0,14.0,1
tumkur road,1441.0,2.0,95.0,3
hsr layout,1750.0,3.0,95.0,3
banashankari stage v,1315.0,2.0,49.0,3
vidyaranyapura,1100.0,2.0,41.0,2
channasandra,1200.0,3.0,67.77,3
magadi road,1052.0,2.0,60.0,3
doddathoguru,1015.0,2.0,33.5,2
hosur road,1194.0,2.0,71.64,2
frazer town,896.0,1.0,100.0,1
other,1840.0,3.0,155.0,3
horamavu agara,980.0,2.0,38.19,2
budigere,1820.0,3.0,93.0,3
raja rajeshwari nagar,1306.0,2.0,44.17,2
jp nagar,2400.0,3.0,196.0,3
sarjapur,1600.0,3.0,75.0,3
hennur,1160.0,2.0,49.0,2
kudlu,1092.0,2.0,44.0,2
electronic city phase ii,1900.0,3.0,97.0,4
haralur road,1194.0,2.0,46.0,2
ramamurthy nagar,1101.0,2.0,50.0,2
neeladri nagar,674.0,1.0,21.0,1
whitefield,5000.0,4.0,400.0,4
electronic city,1563.0,3.0,91.84,3
hennur,1345.0,2.0,69.0,3
sarjapur,1240.0,2.0,43.1,2
electronic city phase ii,1065.0,2.0,30.76,2
kothanur,1435.0,3.0,70.0,3
other,1200.0,4.0,130.0,4
rachenahalli,1050.0,2.0,47.25,2
iblur village,2666.0,4.0,200.0,3
kanakpura road,525.0,1.0,30.0,1
banashankari stage iii,3000.0,6.0,150.0,6
ramamurthy nagar,935.0,2.0,39.0,2
other,4800.0,5.0,350.0,4
whitefield,2400.0,4.0,147.0,4
other,1200.0,1.0,39.82,1
sarjapur  road,1059.0,2.0,68.0,2
other,1200.0,4.0,140.0,4
padmanabhanagar,2051.0,3.0,170.0,3
haralur road,1300.0,2.0,75.0,2
banashankari stage v,1630.0,3.0,51.35,3
yeshwanthpur,1195.0,2.0,100.0,2
garudachar palya,1320.0,2.0,60.6,3
hrbr layout,2800.0,3.0,250.0,3
basavangudi,1036.0,2.0,105.0,2
electronic city phase ii,1000.0,2.0,28.88,2
thanisandra,662.0,1.0,38.0,1
electronic city,910.0,2.0,40.0,2
other,3500.0,4.0,320.0,4
raja rajeshwari nagar,1185.0,2.0,40.17,2
koramangala,1083.0,2.0,100.0,2
haralur road,1088.0,2.0,68.0,2
electronic city phase ii,1116.0,2.0,40.0,2
whitefield,1216.0,2.0,80.0,2
jalahalli,1313.0,2.0,68.0,2
8th phase jp nagar,2100.0,4.0,92.0,4
begur road,1200.0,2.0,45.0,2
other,1600.0,3.0,180.0,3
somasundara palya,1329.0,2.0,70.0,2
haralur road,1810.0,3.0,126.0,3
malleshwaram,2215.0,4.0,310.0,3
sarjapur  road,2425.0,5.0,195.0,4
other,1200.0,2.0,125.0,2
hennur,1225.0,2.0,57.0,2
other,1350.0,4.0,140.0,4
mahadevpura,1434.0,2.0,67.39,3
iblur village,3596.0,5.0,282.0,4
whitefield,1216.0,2.0,75.0,2
banashankari stage ii,1500.0,2.0,120.0,3
other,1300.0,2.0,79.0,2
whitefield,1216.0,2.0,75.0,2
yelahanka,1780.0,3.0,107.0,3
banashankari,1200.0,2.0,49.0,2
parappana agrahara,1194.0,2.0,47.0,2
yelahanka,1342.0,2.0,75.0,3
hebbal,1294.0,2.0,115.0,2
hennur,1231.0,2.0,50.0,2
haralur road,1580.0,3.0,73.0,3
other,1515.0,3.0,88.0,3
other,3161.0,4.0,214.0,4
doddathoguru,915.0,2.0,32.0,2
kr puram,1000.0,2.0,60.0,2
panathur,1198.0,2.0,77.0,2
yeshwanthpur,605.0,1.0,41.745,1
other,1875.0,2.0,235.0,3
other,1000.0,2.0,130.0,2
yelahanka,1400.0,2.0,80.54,3
other,1080.0,2.0,75.0,3
bannerghatta road,1640.0,3.0,105.0,3
sompura,1025.0,2.0,37.0,3
bannerghatta road,1200.0,2.0,78.0,2
bommasandra,920.0,2.0,37.46,2
electronic city,1128.0,2.0,65.45,2
ambedkar nagar,2395.0,4.0,150.0,3
rajiv nagar,1690.0,3.0,125.0,3
horamavu agara,1080.0,2.0,38.0,2
parappana agrahara,1194.0,2.0,47.0,2
hennur road,1015.0,2.0,50.0,2
kodigehalli,1200.0,4.0,156.0,3
yelahanka,1304.0,2.0,79.0,2
other,1100.0,2.0,61.0,2
bannerghatta road,1465.0,2.0,76.0,3
other,705.0,1.0,36.5,1
banashankari stage vi,1177.5,2.0,59.935,2
thanisandra,1930.0,4.0,120.0,3
kothanur,1786.0,2.0,106.0,3
other,1030.0,2.0,77.25,3
nagarbhavi,956.0,2.0,49.0,2
bhoganhalli,1444.0,2.0,75.97,2
harlur,1755.0,3.0,130.0,3
other,1293.0,2.0,80.0,2
kenchenahalli,1015.0,2.0,60.0,2
kasavanhalli,1069.0,2.0,55.0,2
gottigere,1205.0,2.0,56.58,2
ramamurthy nagar,1525.0,3.0,100.0,3
battarahalli,1165.0,2.0,43.0,2
electronic city,635.0,1.0,28.0,1
other,3000.0,4.0,264.0,4
harlur,3385.0,4.0,260.0,4
mahadevpura,1236.0,2.0,58.0,2
jakkur,1590.0,2.0,125.0,3
kr puram,1116.0,2.0,45.0,2
amruthahalli,1025.0,2.0,42.0,2
hennur road,1880.0,4.0,154.0,4
aecs layout,1100.0,2.0,45.0,2
jakkur,1290.0,2.0,100.0,2
frazer town,2000.0,3.0,200.0,3
horamavu banaswadi,1156.0,2.0,46.0,2
other,1325.0,2.0,90.0,3
channasandra,1093.0,2.0,37.0,2
raja rajeshwari nagar,1295.0,2.0,43.9,2
haralur road,1027.0,2.0,44.0,2
bannerghatta road,1527.0,3.0,115.0,3
other,1765.0,3.0,105.0,3
other,1480.0,3.0,90.0,3
marathahalli,1469.0,3.0,89.0,3
domlur,2955.0,3.0,235.0,3
hebbal,2400.0,4.0,180.0,3
hosur road,1223.0,2.0,93.0,2
hebbal,2600.0,3.0,195.0,3
other,2456.0,3.0,220.0,3
cv raman nagar,1051.0,2.0,61.0,2
electronic city,1571.0,3.0,89.0,3
1st block jayanagar,1200.0,2.0,130.0,3
thanisandra,1651.0,3.0,97.38,3
hennur road,1232.0,2.0,83.0,2
malleshpalya,1225.0,2.0,46.86,2
haralur road,1520.0,2.0,96.0,3
old madras road,1480.0,2.0,84.0,3
electronic city,1360.0,2.0,58.0,3
7th phase jp nagar,750.0,1.0,47.0,1
thanisandra,2002.0,3.0,112.0,3
other,2400.0,4.0,250.0,4
bannerghatta road,1000.0,2.0,50.0,2
kaggadasapura,1045.0,2.0,55.0,2
raja rajeshwari nagar,1110.0,2.0,52.0,2
jalahalli,615.0,1.0,46.0,1
kanakpura road,2775.0,3.0,165.0,4
yelahanka new town,650.0,1.0,33.0,1
anjanapura,1280.0,2.0,45.0,3
ramamurthy nagar,1170.0,2.0,46.8,2
battarahalli,1071.0,2.0,62.0,2
thanisandra,510.0,1.0,25.25,1
electronic city phase ii,1125.0,2.0,32.63,2
horamavu banaswadi,1357.0,2.0,54.0,2
marathahalli,1910.0,3.0,119.0,3
thanisandra,693.0,1.0,34.3,1
tindlu,1370.07,3.0,65.0,3
electronic city,770.0,1.0,36.0,2
anekal,1150.0,3.0,45.0,3
9th phase jp nagar,1127.0,2.0,50.0,2
kanakpura road,1240.0,2.0,65.0,2
harlur,1290.0,2.0,89.9,2
old airport road,3200.0,4.0,280.0,4
raja rajeshwari nagar,3600.0,9.0,240.0,9
other,470.0,2.0,10.0,1
budigere,1636.0,3.0,85.0,3
vijayanagar,1019.0,2.0,58.0,2
other,990.0,2.0,58.0,2
hsr layout,1100.0,2.0,44.0,2
nagasandra,980.0,2.0,48.0,2
sahakara nagar,1201.0,2.0,80.0,2
thanisandra,1380.0,1.0,62.1,1
other,469.0,1.0,25.0,1
other,1625.0,3.0,150.0,3
kadugodi,1890.0,4.0,125.0,3
raja rajeshwari nagar,1151.0,2.0,39.02,2
hennur road,1590.0,3.0,105.0,3
basavangudi,2600.0,4.0,260.0,4
old airport road,1798.0,3.0,150.0,3
raja rajeshwari nagar,1185.0,2.0,51.15,2
other,1929.0,3.0,115.0,3
marathahalli,1933.0,3.0,140.0,3
hebbal kempapura,1730.0,3.0,175.0,3
jalahalli,2384.0,4.0,165.0,3
hosakerehalli,3205.0,5.0,380.0,4
yelenahalli,1200.0,2.0,45.6,2
hennur road,980.0,2.0,51.0,2
sarjapur  road,1157.0,2.0,69.0,3
electronic city,1571.0,3.0,105.0,3
green glen layout,1728.0,3.0,125.0,3
other,1200.0,2.0,75.0,2
bannerghatta road,1215.0,2.0,68.0,2
hulimavu,1248.0,2.0,69.0,2
kr puram,1040.0,2.0,50.0,2
lakshminarayana pura,1336.0,2.0,100.0,2
kogilu,1170.0,2.0,51.99,2
other,1200.0,2.0,85.0,1
kalena agrahara,1510.0,3.0,78.0,3
sanjay nagar,630.0,1.0,35.0,2
bannerghatta,2370.0,4.0,195.0,3
akshaya nagar,1575.0,3.0,90.0,3
hennur,1040.0,2.0,42.12,2
ramagondanahalli,1910.0,3.0,150.0,3
bannerghatta road,1460.0,2.0,80.0,3
mysore road,883.0,2.0,40.0,2
thanisandra,1265.0,2.0,78.0,2
ramamurthy nagar,1200.0,2.0,46.0,2
other,1200.0,2.0,135.0,2
panathur,1398.0,2.0,97.0,2
electronic city,1342.0,2.0,72.0,2
other,1265.0,2.0,70.0,2
yelahanka new town,450.0,1.0,16.0,1
whitefield,2225.0,3.0,115.0,3
kaggadasapura,1050.0,2.0,48.0,2
banashankari,1390.0,2.0,86.0,2
seegehalli,3000.0,4.0,235.0,3
hennur road,1445.0,2.0,89.56,3
tumkur road,1500.0,3.0,95.0,3
gollarapalya hosahalli,861.0,2.0,34.5,2
whitefield,1200.0,3.0,68.5,3
kothanur,1075.0,2.0,53.0,2
domlur,1720.0,3.0,135.0,3
vidyaranyapura,1200.0,2.0,42.0,2
other,1560.0,3.0,85.0,3
haralur road,1027.0,2.0,44.0,2
varthur,1450.0,3.0,71.0,3
hebbal,919.0,2.0,49.0,2
electronic city phase ii,1395.0,2.0,62.78,3
other,1500.0,3.0,95.0,3
other,823.0,2.0,80.0,2
battarahalli,1779.0,3.0,89.61,3
other,1353.0,2.0,110.0,2
yeshwanthpur,668.0,1.0,36.85,1
kaggadasapura,1200.0,2.0,53.0,2
1st phase jp nagar,840.0,2.0,50.0,1
chandapura,650.0,1.0,17.0,2
other,1350.0,2.0,90.0,2
other,1200.0,3.0,75.0,3
bharathi nagar,1322.0,2.0,68.0,2
hebbal kempapura,1200.0,2.0,125.0,2
yelahanka,2195.0,4.0,127.0,3
bannerghatta road,905.0,2.0,58.0,2
nagasandra,1650.0,3.0,95.0,3
pai layout,1100.0,2.0,50.0,2
electronic city phase ii,1065.0,2.0,30.75,2
marathahalli,1365.0,2.0,73.0,2
other,1670.0,3.0,91.86,3
balagere,1205.0,2.0,79.0,2
kadugodi,1100.0,2.0,45.0,2
haralur road,1243.0,2.0,46.0,2
vijayanagar,1826.0,3.0,121.0,3
sarjapur  road,1539.0,3.0,85.0,3
hennur road,1036.0,2.0,59.46,2
other,900.0,3.0,105.0,2
hbr layout,1656.0,3.0,90.0,3
ramamurthy nagar,950.0,2.0,50.79,2
kr puram,1140.0,2.0,43.32,2
neeladri nagar,527.0,1.0,26.0,1
raja rajeshwari nagar,3900.0,6.0,195.0,6
other,2065.0,3.0,130.0,3
jigani,918.0,2.0,49.0,2
begur road,1565.0,2.0,57.91,3
harlur,1756.0,3.0,128.0,3
sarjapur  road,1787.0,3.0,125.0,3
whitefield,1862.0,3.0,125.0,3
rachenahalli,1050.0,2.0,52.5,2
electronic city phase ii,1244.0,2.0,55.0,2
dodda nekkundi,1585.0,2.0,79.0,3
channasandra,1200.0,2.0,46.13,2
harlur,1752.12,3.0,135.0,3
hoodi,1181.0,2.0,55.0,2
other,550.0,1.0,23.0,1
kudlu gate,1200.0,2.0,44.4,2
begur road,1200.0,2.0,44.0,2
varthur,1024.0,2.0,42.0,2
doddathoguru,855.0,2.0,32.0,2
sarjapur  road,2100.0,3.0,130.0,3
balagere,656.0,1.0,38.77,1
indira nagar,1440.0,3.0,275.0,3
whitefield,3940.0,5.0,265.0,4
hbr layout,1200.0,2.0,60.0,2
electronics city phase 1,1028.0,2.0,51.0,2
hbr layout,1783.0,3.0,125.0,3
bommasandra industrial area,1130.0,2.0,32.64,2
other,2312.0,3.0,156.0,3
rajaji nagar,1640.0,3.0,223.0,3
doddathoguru,1105.0,2.0,50.0,2
electronic city phase ii,1031.0,2.0,56.35,2
other,1200.0,2.0,108.0,3
margondanahalli,1200.0,2.0,67.0,2
other,2100.0,1.0,200.0,2
other,600.0,1.0,17.0,1
btm 2nd stage,2500.0,3.0,345.0,3
varthur road,1277.0,2.0,59.0,2
other,2200.0,4.0,235.0,4
haralur road,1243.0,2.0,46.0,2
babusapalaya,1141.0,2.0,46.0,2
balagere,1210.0,2.0,74.0,2
marathahalli,1045.0,2.0,60.0,2
hsr layout,1145.0,2.0,46.0,2
narayanapura,1308.0,2.0,89.04,2
uttarahalli,1125.0,2.0,47.0,2
vittasandra,1246.0,2.0,67.3,2
laggere,620.0,2.0,48.0,1
hosa road,1332.0,2.0,86.12,3
raja rajeshwari nagar,1133.0,2.0,38.37,2
hebbal kempapura,1400.0,2.0,108.0,2
uttarahalli,1380.0,2.0,42.0,2
other,2200.0,3.0,187.0,3
other,2400.0,4.0,200.0,3
haralur road,1194.0,2.0,46.0,2
btm 2nd stage,1100.0,2.0,47.0,2
yelahanka,1327.0,2.0,85.0,2
hennur road,1949.0,3.0,133.0,3
kanakpura road,1167.0,2.0,63.0,2
kasavanhalli,1476.0,3.0,105.0,3
other,660.0,1.0,35.0,1
8th phase jp nagar,2700.0,4.0,130.0,4
horamavu banaswadi,1156.0,2.0,46.9,2
jakkur,1230.0,2.0,79.0,2
vidyaranyapura,1050.0,2.0,50.0,2
yelahanka,1614.0,2.0,100.0,3
old madras road,935.0,2.0,45.0,2
koramangala,1180.0,2.0,128.0,2
babusapalaya,1061.0,2.0,38.95,2
budigere,1636.0,3.0,88.0,3
other,2240.0,3.0,300.0,3
mysore road,1200.0,2.0,65.0,2
electronic city,1275.0,3.0,63.43,3
ardendale,1732.46,3.0,92.0,3
nagavarapalya,705.0,1.0,57.0,1
attibele,460.0,1.0,13.0,1
other,1636.0,3.0,97.0,3
sarjapur,1830.0,3.0,88.0,3
uttarahalli,1290.0,2.0,56.12,3
kodigehaali,1200.0,2.0,55.0,2
bannerghatta road,1270.0,2.0,73.0,3
kothanur,1436.0,3.0,70.0,3
kanakapura,1476.0,3.0,75.0,3
other,1200.0,2.0,150.0,2
sarjapur  road,1290.0,2.0,88.0,2
other,1520.0,3.0,165.0,3
bannerghatta road,595.0,1.0,31.83,1
kammanahalli,1200.0,2.0,80.0,2
hoodi,1000.0,2.0,48.0,2
other,4830.0,5.0,390.0,4
kodigehalli,1820.0,3.0,150.0,3
marathahalli,1680.0,3.0,105.0,3
electronic city phase ii,972.0,2.0,44.0,2
kodigehalli,1200.0,2.0,48.0,2
other,1350.0,3.0,77.0,3
banashankari stage vi,2200.0,4.0,195.0,4
kodichikkanahalli,1026.0,2.0,45.0,2
yelahanka,1315.0,2.0,75.0,2
other,825.0,2.0,40.0,1
kothanur,9600.0,5.0,550.0,5
hennur road,2041.0,3.0,128.0,3
sahakara nagar,1200.0,2.0,54.0,2
hosur road,3300.0,5.0,240.0,5
akshaya nagar,1662.0,3.0,85.1,3
ananth nagar,992.0,2.0,24.8,2
jigani,937.0,2.0,44.0,2
sarjapur  road,1157.0,2.0,75.0,3
btm 2nd stage,1200.0,2.0,80.0,2
kenchenahalli,1150.0,2.0,58.0,2
other,1100.0,2.0,145.0,3
electronic city,1070.0,2.0,58.0,2
2nd phase judicial layout,1150.0,2.0,40.25,2
akshaya nagar,1690.0,3.0,85.0,3
r.t. nagar,1500.0,4.0,185.0,4
bisuvanahalli,845.0,2.0,32.0,2
sahakara nagar,1180.0,2.0,72.0,2
5th phase jp nagar,1000.0,2.0,48.0,2
whitefield,2134.0,4.0,118.0,3
thanisandra,1573.0,3.0,98.0,3
other,1155.0,2.0,64.0,2
raja rajeshwari nagar,1165.0,2.0,45.0,2
hosa road,880.0,2.0,50.0,2
whitefield,1720.0,3.0,128.0,3
varthur,1085.0,2.0,45.0,2
devanahalli,1174.0,2.0,59.0,2
whitefield,1216.0,2.0,75.0,2
other,945.0,2.0,54.0,2
uttarahalli,1107.0,2.0,45.0,2
kasavanhalli,1715.0,3.0,112.0,3
kr puram,1205.0,2.0,45.79,2
whitefield,1216.0,2.0,75.0,2
thanisandra,1697.0,3.0,114.0,3
begur road,952.0,2.0,42.0,2
other,1400.0,3.0,98.0,3
lb shastri nagar,1250.0,2.0,48.5,2
gunjur,1080.0,2.0,41.0,2
gottigere,1280.0,2.0,61.0,2
mico layout,800.0,1.0,29.5,1
singasandra,1100.0,2.0,52.0,2
frazer town,1706.0,3.0,154.0,3
kaggalipura,950.0,2.0,47.0,2
thanisandra,1296.0,2.0,80.0,2
hennur,1255.0,2.0,53.5,2
sector 7 hsr layout,3000.0,5.0,275.0,4
doddathoguru,1208.0,3.0,45.0,3
thanisandra,1098.0,2.0,74.0,2
thanisandra,1093.0,2.0,68.1,2
ananth nagar,900.0,2.0,22.5,2
vishveshwarya layout,750.0,1.0,30.0,1
ardendale,2062.0,3.0,150.0,4
electronic city phase ii,1192.0,2.0,47.0,3
other,925.0,2.0,55.0,2
raja rajeshwari nagar,1295.0,2.0,70.0,2
jakkur,1950.0,3.0,131.0,3
mallasandra,1565.0,2.0,69.0,2
kanakapura,1283.0,2.0,68.0,2
ulsoor,1685.0,4.0,185.0,3
hulimavu,1115.0,2.0,44.6,2
kudlu gate,1336.0,2.0,86.0,2
akshaya nagar,1421.0,2.0,73.0,3
whitefield,3606.0,4.0,312.0,4
marathahalli,1600.0,3.0,88.0,2
kannamangala,957.0,2.0,55.0,2
mysore road,1060.0,2.0,62.0,2
nagarbhavi,1055.0,2.0,55.0,2
kadubeesanahalli,1545.0,2.0,66.0,3
thanisandra,1564.0,3.0,100.0,3
hormavu,1015.0,2.0,39.08,2
marathahalli,957.0,2.0,46.9,2
hosa road,1680.0,3.0,101.0,3
other,922.0,2.0,70.0,2
yelahanka,1234.0,2.0,80.0,2
7th phase jp nagar,1850.0,3.0,155.0,3
hennur road,1053.0,2.0,53.0,2
raja rajeshwari nagar,1850.0,3.0,98.0,3
7th phase jp nagar,1050.0,2.0,75.0,2
chamrajpet,650.0,1.0,40.0,2
brookefield,1260.0,2.0,70.0,2
kengeri,750.0,2.0,35.5,2
other,1310.0,2.0,88.0,2
rajaji nagar,1160.0,1.0,163.0,2
tc palaya,1800.0,2.0,80.0,2
vittasandra,1246.0,2.0,67.5,2
other,600.0,1.0,38.0,1
other,1125.0,4.0,70.0,3
hennur,1255.0,2.0,52.32,2
kanakapura,551.0,1.0,30.0,1
sultan palaya,1765.0,3.0,80.0,3
hebbal,823.0,2.0,50.63,2
kaggalipura,1000.0,2.0,60.0,2
hegde nagar,1348.0,2.0,80.5,3
hrbr layout,1301.0,2.0,120.0,2
yelahanka new town,450.0,1.0,15.0,1
chandapura,1065.0,2.0,33.0,3
sarjapur  road,1112.0,2.0,58.0,2
begur,1304.0,3.0,65.0,3
uttarahalli,1002.0,2.0,40.08,2
kenchenahalli,1150.0,2.0,57.0,2
yelahanka new town,650.0,1.0,18.0,1
begur,1306.0,2.0,65.0,2
domlur,1850.0,3.0,180.0,3
kasavanhalli,1245.0,2.0,80.0,2
hebbal,1345.0,2.0,97.0,2
other,1427.0,2.0,85.0,3
electronic city,1152.0,2.0,65.75,2
hennur road,1290.0,2.0,94.5,3
other,1625.0,3.0,95.0,3
bellandur,1550.0,2.0,59.0,2
electronic city phase ii,1336.0,2.0,50.35,3
7th phase jp nagar,1850.0,3.0,150.0,3
hoodi,1500.0,2.0,84.0,2
rachenahalli,1050.0,2.0,52.71,2
gunjur,1457.0,2.0,60.0,2
marathahalli,2519.0,5.0,185.0,4
tindlu,1357.0,2.0,65.0,3
chikkalasandra,1070.0,2.0,42.8,2
bhoganhalli,1447.0,2.0,75.97,2
anekal,614.0,1.0,28.0,2
tumkur road,1354.0,3.0,90.0,3
other,1855.0,3.0,225.0,3
bhoganhalli,1447.0,2.0,75.97,2
thigalarapalya,1418.0,2.0,104.0,2
hulimavu,1058.0,2.0,48.0,2
other,3811.0,3.0,475.0,4
other,600.0,1.0,43.0,1
7th phase jp nagar,1050.0,2.0,50.0,2
yelahanka,602.0,1.0,38.0,1
sarjapur  road,1350.0,2.0,85.0,2
other,1600.0,5.0,140.0,5
vidyaranyapura,1200.0,2.0,65.0,3
kanakpura road,1900.0,3.0,99.0,3
other,6000.0,5.0,400.0,4
itpl,1200.0,3.0,56.12,3
abbigere,795.0,2.0,32.54,2
kothanur,1075.0,2.0,53.0,2
kereguddadahalli,1000.0,2.0,34.0,2
other,1155.0,2.0,65.0,2
malleshwaram,2215.0,3.0,275.0,3
hebbal,2388.0,3.0,195.0,3
kothanur,1847.0,3.0,105.0,3
kr puram,1100.0,2.0,46.0,2
other,2400.0,5.0,300.0,6
other,2800.0,7.0,250.0,7
thanisandra,777.0,1.0,38.46,1
electronic city,630.0,1.0,33.7,1
hebbal,2526.0,2.0,250.0,3
anekal,620.0,2.0,22.0,2
kaggadasapura,1106.0,2.0,40.0,2
other,1250.0,2.0,68.0,2
uttarahalli,1040.0,2.0,36.4,2
electronics city phase 1,1340.0,2.0,75.0,2
rajaji nagar,3526.0,4.0,598.0,4
electronic city,1644.0,3.0,92.59,3
marathahalli,1230.0,2.0,80.0,2
haralur road,1810.0,3.0,97.83,3
bommanahalli,1100.0,1.0,55.0,2
other,1500.0,2.0,97.0,3
hennur road,1195.0,2.0,73.0,2
8th phase jp nagar,3300.0,3.0,165.0,3
hosa road,1016.0,2.0,39.95,2
hennur,1255.0,2.0,52.32,2
other,1000.0,2.0,63.0,2
old airport road,2690.0,4.0,201.0,4
bannerghatta road,1200.0,2.0,69.0,3
other,2098.0,3.0,210.0,3
jigani,943.0,2.0,49.5,2
haralur road,1976.0,3.0,92.0,3
other,2600.0,8.0,180.0,8
kammasandra,810.0,2.0,24.5,2
jakkur,1816.0,3.0,119.0,3
vittasandra,1246.0,2.0,67.0,2
bannerghatta road,1750.0,3.0,130.0,3
sarjapura - attibele road,1090.0,2.0,37.0,2
other,793.0,1.0,40.0,1
hebbal,4235.0,5.0,364.0,4
electronic city,750.0,1.0,35.0,1
hebbal,1320.0,2.0,92.0,2
panathur,1180.0,2.0,70.0,2
other,1280.0,2.0,100.0,3
other,1800.0,5.0,140.0,6
other,1200.0,4.0,110.0,4
kengeri,3000.0,5.0,130.0,8
other,3000.0,4.0,301.0,4
jigani,920.0,2.0,46.0,2
mysore road,1170.0,2.0,65.0,2
sarjapur  road,1700.0,3.0,93.5,3
kr puram,1277.5,2.0,56.8,2
sarjapur,1044.0,2.0,36.0,2
uttarahalli,1425.0,2.0,64.0,3
domlur,780.0,1.0,70.0,1
gunjur,1063.0,2.0,40.0,2
talaghattapura,1868.0,3.0,121.0,3
old madras road,1171.0,2.0,73.0,2
banashankari,1800.0,3.0,115.0,3
thanisandra,1573.0,3.0,100.0,3
attibele,520.0,1.0,15.0,1
varthur,1250.0,3.0,71.0,3
electronic city phase ii,1089.0,2.0,32.67,2
ramamurthy nagar,1050.0,2.0,51.66,2
cunningham road,2700.0,3.0,501.0,3
whitefield,1820.0,3.0,113.0,3
bommanahalli,515.0,1.0,25.0,1
bommanahalli,1091.0,2.0,40.0,2
shivaji nagar,3820.0,1.0,306.0,1
kanakpura road,525.0,1.0,27.0,1
akshaya nagar,1179.0,2.0,51.0,2
raja rajeshwari nagar,3450.0,7.0,225.0,8
other,1402.0,2.0,85.0,3
other,1750.0,3.0,100.0,3
haralur road,1056.0,2.0,65.0,2
raja rajeshwari nagar,1267.0,2.0,42.85,2
ardendale,2062.0,3.0,140.0,4
bisuvanahalli,1075.0,2.0,48.0,3
other,1405.0,3.0,169.0,3
raja rajeshwari nagar,1140.0,2.0,44.0,2
kanakpura road,525.0,1.0,26.0,1
9th phase jp nagar,5000.0,4.0,290.0,4
devanahalli,1080.0,2.0,52.0,2
munnekollal,1750.0,3.0,86.5,3
malleshwaram,580.0,1.0,45.0,1
kogilu,1200.0,2.0,53.33,2
kasavanhalli,1115.0,2.0,50.0,2
hegde nagar,1703.0,3.0,125.0,3
yelachenahalli,1103.0,2.0,55.0,2
banashankari stage vi,4800.0,3.0,200.0,4
channasandra,1010.0,2.0,32.0,2
other,650.0,1.0,30.0,1
kengeri satellite town,1050.0,2.0,43.0,2
other,1191.0,2.0,90.0,2
kr puram,1100.0,2.0,43.0,2
hosa road,1170.0,2.0,65.0,2
other,1350.0,2.0,175.0,3
nagavara,400.0,1.0,14.0,1
marathahalli,1610.0,3.0,90.0,3
raja rajeshwari nagar,1250.0,2.0,68.0,2
jakkur,1858.0,3.0,123.0,3
bhoganhalli,1205.0,2.0,64.47,2
koramangala,1005.0,1.0,110.0,2
lingadheeranahalli,1682.0,3.0,120.0,3
hormavu,1000.0,2.0,50.0,2
kalyan nagar,3800.0,5.0,300.0,4
chandapura,645.0,1.0,16.45,1
other,985.0,2.0,63.0,2
doddaballapur,3206.0,5.0,270.0,4
jakkur,1080.0,2.0,60.0,2
other,1180.0,2.0,69.0,2
other,1050.0,2.0,70.0,2
thanisandra,760.0,1.0,50.0,1
begur road,1170.0,2.0,46.0,2
kr puram,750.0,2.0,40.0,2
nagasandra,2400.0,4.0,145.0,4
hormavu,1263.0,2.0,47.36,2
kr puram,1100.0,2.0,39.9,2
other,1750.0,3.0,170.0,3
iblur village,5515.0,6.0,425.0,5
marathahalli,2500.0,5.0,181.0,4
kammasandra,1156.0,2.0,32.0,2
bellandur,3600.0,4.0,260.0,4
konanakunte,2400.0,2.0,180.0,3
haralur road,1243.0,2.0,46.0,2
other,600.0,1.0,58.0,1
bannerghatta road,1640.0,2.0,120.0,3
7th phase jp nagar,1050.0,2.0,77.0,2
parappana agrahara,1194.0,2.0,47.0,2
sarjapur,625.0,1.0,19.0,1
kudlu gate,940.0,2.0,69.57,2
marathahalli,1710.0,3.0,100.0,3
hormavu,1555.0,3.0,75.0,3
thigalarapalya,2072.0,4.0,155.0,3
vijayanagar,1527.0,3.0,115.0,3
sahakara nagar,1219.0,2.0,48.0,2
7th phase jp nagar,1575.0,2.0,110.0,3
kanakpura road,1698.0,2.0,105.0,2
choodasandra,1115.0,2.0,50.0,2
yelahanka new town,1385.0,2.0,65.0,2
seegehalli,1683.0,3.0,80.0,3
whitefield,905.0,1.0,55.0,1
lakshminarayana pura,1172.0,2.0,75.0,2
bellandur,850.0,2.0,45.0,2
kanakapura,1254.0,2.0,70.0,3
channasandra,1200.0,3.0,67.77,3
bommenahalli,1632.0,3.0,140.0,4
varthur road,900.0,2.0,27.0,2
other,1550.0,3.0,160.0,3
uttarahalli,1125.0,1.0,45.0,2
rachenahalli,1856.0,3.0,106.0,3
other,2300.0,3.0,280.0,3
haralur road,1243.0,2.0,46.0,2
other,1468.0,2.0,140.0,2
akshaya nagar,1225.0,2.0,68.0,2
abbigere,795.0,2.0,32.54,2
gubbalala,1745.0,3.0,115.0,3
hoodi,1063.0,2.0,61.17,2
kudlu gate,1535.0,3.0,85.0,3
horamavu agara,994.0,2.0,42.28,2
hsr layout,1140.0,2.0,46.0,2
other,1419.0,3.0,85.0,3
other,2200.0,3.0,225.0,4
ramagondanahalli,2257.0,4.0,157.0,3
hosa road,1040.0,2.0,68.59,2
bannerghatta road,1460.0,2.0,90.0,3
sanjay nagar,1150.0,2.0,72.2,2
kodihalli,1620.0,3.0,130.0,3
kasavanhalli,1747.0,3.0,110.0,3
other,2023.71,3.0,275.0,3
kenchenahalli,1280.0,2.0,69.0,3
kasavanhalli,1100.0,2.0,50.0,2
kengeri,410.0,1.0,15.0,1
raja rajeshwari nagar,1258.0,2.0,63.53,2
bommasandra,955.0,2.0,35.28,2
hsr layout,1127.0,2.0,68.0,2
kanakpura road,1843.0,3.0,95.84,3
kadubeesanahalli,1365.0,3.0,80.0,3
hormavu,1143.0,2.0,53.0,2
haralur road,1027.0,2.0,44.0,2
other,1804.0,3.0,150.0,3
chikka tirupathi,3297.0,3.0,135.0,3
whitefield,2901.0,4.0,190.0,3
singasandra,1179.0,2.0,56.0,2
yelahanka,1610.0,4.0,85.0,3
electronic city,1221.0,2.0,68.0,2
malleshpalya,1065.0,2.0,50.0,2
hsr layout,1027.0,2.0,44.0,2
kr puram,1156.0,2.0,72.0,2
other,1639.0,3.0,123.0,3
hosur road,1919.0,3.0,117.0,3
begur road,1200.0,2.0,43.2,2
ombr layout,1300.0,2.0,80.0,2
hegde nagar,1965.0,4.0,125.0,3
other,1092.0,3.0,95.0,3
ramamurthy nagar,1050.0,2.0,37.0,2
raja rajeshwari nagar,1140.0,2.0,38.65,2
other,2000.0,3.0,145.0,3
hal 2nd stage,600.0,3.0,145.0,2
whitefield,1485.0,2.0,96.51,2
kanakpura road,1300.0,3.0,69.0,3
hennur road,1232.0,2.0,69.6,2
attibele,1500.0,3.0,90.0,3
vittasandra,1404.0,2.0,69.3,2
balagere,645.0,1.0,34.18,1
hennur road,1981.0,3.0,134.0,3
chandapura,1208.0,3.0,45.0,3
5th phase jp nagar,600.0,1.0,30.0,1
banashankari,1800.0,3.0,125.0,3
yelahanka,2145.0,3.0,125.0,3
hebbal,2790.0,4.0,198.0,4
7th phase jp nagar,1680.0,3.0,125.0,3
thanisandra,1265.0,2.0,82.0,2
hebbal,2600.0,3.0,199.0,3
vasanthapura,1037.0,2.0,36.28,2
electronics city phase 1,638.0,1.0,32.0,1
anjanapura,950.0,2.0,30.0,2
chikka tirupathi,1808.0,4.0,80.27,3
hoodi,1240.0,2.0,65.0,2
padmanabhanagar,3400.0,3.0,210.0,4
iblur village,3596.0,5.0,260.0,4
other,3155.0,4.0,316.0,3
other,1140.0,2.0,76.0,2
bannerghatta,1113.0,2.0,70.0,2
hebbal,2080.0,3.0,175.0,3
sarjapur  road,1862.0,4.0,110.0,3
dodda nekkundi,1100.0,2.0,46.75,2
other,1942.0,3.0,155.0,3
ramagondanahalli,1253.0,2.0,52.66,2
ramamurthy nagar,1000.0,2.0,62.0,2
electronics city phase 1,1800.0,3.0,93.0,3
sarjapur  road,1346.0,2.0,74.03,2
whitefield,3010.0,3.0,200.0,3
hebbal,3960.0,5.0,386.0,4
thigalarapalya,1418.0,2.0,103.0,2
whitefield,1350.0,2.0,88.0,2
jp nagar,1800.0,6.0,68.0,6
electronic city,1025.0,2.0,47.0,3
ramamurthy nagar,1200.0,2.0,66.0,3
hegde nagar,1801.0,3.0,140.0,3
bellandur,1195.0,2.0,51.0,2
yelahanka,654.0,1.0,38.4,1
bommanahalli,1160.0,2.0,53.0,2
other,1600.0,2.0,90.0,3
other,1200.0,3.0,130.0,3
kereguddadahalli,1080.0,2.0,32.0,2
ramamurthy nagar,1050.0,2.0,37.8,2
channasandra,1010.0,2.0,36.0,2
other,1655.0,3.0,155.0,3
arekere,1240.0,2.0,60.0,2
other,1141.0,2.0,62.0,2
anandapura,1000.0,2.0,55.0,2
akshaya nagar,1388.0,2.0,57.0,2
other,1350.0,2.0,185.0,2
kaikondrahalli,1700.0,4.0,108.0,4
kanakapura,1151.0,2.0,59.0,2
other,1768.0,3.0,95.0,3
marathahalli,1220.0,2.0,57.0,2
gottigere,1235.0,2.0,63.0,2
electronic city,1296.0,2.0,65.0,2
other,845.0,2.0,55.0,2
other,1595.0,3.0,115.0,3
hebbal,2790.0,5.0,198.0,4
hennur road,973.0,2.0,56.0,2
yelahanka,1517.0,3.0,76.3,3
other,1468.0,3.0,130.0,2
lakshminarayana pura,1149.0,2.0,75.0,2
nehru nagar,1269.0,2.0,63.0,3
hbr layout,1700.0,3.0,110.0,3
8th phase jp nagar,1062.0,2.0,42.47,2
hebbal,1075.0,2.0,52.0,2
kodihalli,2700.0,4.0,270.0,3
uttarahalli,1125.0,2.0,48.0,2
thanisandra,760.0,1.0,50.4,1
rajiv nagar,1330.0,2.0,93.0,2
chikkabanavar,1600.0,2.0,80.0,3
jigani,914.0,2.0,49.0,2
gunjur,1235.0,2.0,52.76,2
ngr layout,1019.0,2.0,45.9,2
other,2000.0,2.0,160.0,2
kanakpura road,670.0,1.0,35.0,1
marathahalli,950.0,2.0,45.68,2
other,1050.0,2.0,67.0,2
thanisandra,1697.0,3.0,115.0,3
hennur road,1140.0,2.0,56.0,2
kundalahalli,1724.0,3.0,146.0,3
electronic city phase ii,1031.0,2.0,55.0,2
sompura,825.0,2.0,32.0,2
kothanur,1195.0,2.0,59.0,2
kalena agrahara,1200.0,2.0,45.0,2
whitefield,630.5,1.0,32.15,1
other,1233.0,2.0,100.0,2
rajaji nagar,1440.0,2.0,165.0,2
badavala nagar,1842.0,3.0,115.0,3
other,812.0,1.0,26.0,1
kundalahalli,1724.0,3.0,128.0,3
begur road,1160.0,2.0,42.0,2
other,3259.0,3.0,270.0,3
kundalahalli,1175.0,2.0,65.0,2
whitefield,1405.0,2.0,78.0,3
yelahanka new town,1420.0,2.0,75.0,3
other,1340.0,3.0,77.0,3
bannerghatta road,1650.0,3.0,122.0,3
kannamangala,1536.0,3.0,89.0,3
electronic city,1350.0,3.0,58.0,3
hormavu,1365.0,2.0,65.0,3
electronic city,1070.0,2.0,60.0,2
iblur village,1920.0,3.0,130.0,3
rajaji nagar,2367.0,4.0,340.0,3
yelachenahalli,800.0,1.0,30.0,2
malleshwaram,2500.0,5.0,325.0,4
chandapura,985.0,2.0,25.12,2
rajaji nagar,3516.0,4.0,540.0,4
kaggalipura,1150.0,2.0,62.0,3
bannerghatta road,1115.0,2.0,78.0,2
hulimavu,1242.0,2.0,51.0,2
sarjapur  road,2289.0,3.0,178.0,3
other,1235.0,2.0,140.0,2
karuna nagar,1354.0,2.0,98.0,3
mahadevpura,1500.0,2.0,70.0,3
other,3179.0,5.0,351.0,4
rayasandra,1577.0,3.0,67.0,3
green glen layout,1680.0,4.0,95.0,3
jalahalli,1569.0,3.0,118.0,3
yelahanka,1653.0,3.0,93.0,3
thanisandra,1411.0,3.0,93.04,3
kanakpura road,525.0,1.0,30.0,1
whitefield,1216.0,2.0,72.5,2
doddathoguru,907.0,2.0,40.0,2
other,1652.5,3.0,90.0,3
electronic city phase ii,925.0,2.0,49.82,3
other,856.0,2.0,48.0,2
domlur,1276.0,2.0,80.0,2
sector 2 hsr layout,1143.0,2.0,65.0,2
yeshwanthpur,1240.0,2.0,80.0,2
kenchenahalli,700.0,1.0,35.0,1
sahakara nagar,1291.0,2.0,72.3,2
electronic city phase ii,1200.0,2.0,34.65,2
harlur,1750.0,3.0,136.0,3
hennur road,1085.0,2.0,43.4,2
vidyaranyapura,1200.0,4.0,90.0,4
sarjapur  road,1308.0,2.0,83.0,2
other,1530.0,2.0,185.0,2
jalahalli east,1300.0,2.0,63.0,3
raja rajeshwari nagar,1419.0,2.0,60.42,2
haralur road,1710.0,3.0,85.0,3
marathahalli,1170.0,2.0,53.0,2
whitefield,1320.0,2.0,95.0,2
ramamurthy nagar,1100.0,2.0,68.0,2
electronic city,890.0,2.0,45.0,2
whitefield,2135.0,3.0,149.0,4
cunningham road,5270.0,4.0,1250.0,4
chandapura,410.0,1.0,10.0,1
other,3500.0,4.0,350.0,4
ambalipura,1060.0,2.0,58.5,2
other,1550.0,2.0,150.0,3
koramangala,3500.0,5.0,425.0,4
electronic city,550.0,1.0,27.0,1
horamavu banaswadi,1000.0,2.0,50.0,2
other,1450.0,3.0,90.0,3
other,2280.0,3.0,285.0,3
attibele,2168.0,4.0,95.0,4
kanakapura,1130.0,2.0,45.2,2
frazer town,1305.0,3.0,95.45,3
kathriguppe,1350.0,2.0,80.99,3
ananth nagar,1200.0,2.0,36.0,2
haralur road,1140.0,2.0,42.0,2
iblur village,3596.0,4.0,268.0,4
harlur,1508.0,2.0,77.0,2
sonnenahalli,1120.0,2.0,43.0,2
electronic city,435.0,1.0,19.5,1
electronic city,1210.0,2.0,54.0,2
bannerghatta road,1012.0,2.0,44.0,2
8th phase jp nagar,451.0,1.0,29.9,1
other,1605.0,3.0,100.0,3
other,2100.0,3.0,220.0,3
kr puram,1290.0,2.0,69.0,2
other,1567.0,3.0,100.0,3
ramagondanahalli,1251.0,2.0,50.0,2
ramagondanahalli,1125.0,2.0,75.0,2
other,1080.0,3.0,149.0,3
hebbal,1252.0,2.0,92.0,2
choodasandra,1580.0,3.0,105.0,3
hosakerehalli,1304.0,2.0,100.0,2
kr puram,1827.0,3.0,97.0,3
banashankari,1200.0,3.0,74.52,3
yeshwanthpur,1541.0,2.0,130.0,2
tumkur road,1240.0,2.0,83.0,3
dodda nekkundi,1829.0,3.0,125.0,3
itpl,1200.0,3.0,68.4,3
horamavu banaswadi,1357.0,2.0,54.0,2
subramanyapura,1313.0,2.0,66.5,2
other,2900.0,3.0,325.0,3
vittasandra,1246.0,2.0,67.4,2
ardendale,3198.0,4.0,200.0,4
lakshminarayana pura,1600.0,2.0,108.0,3
giri nagar,2400.0,6.0,400.0,6
akshaya nagar,1690.0,3.0,85.0,3
uttarahalli,1160.0,2.0,40.6,2
old airport road,3356.0,4.0,251.0,4
other,1865.0,4.0,140.0,3
bisuvanahalli,850.0,1.0,32.0,2
sanjay nagar,1000.0,2.0,70.0,2
budigere,1153.0,2.0,56.7,2
bhoganhalli,1277.0,2.0,79.89,2
gm palaya,1735.0,3.0,70.0,3
bommasandra industrial area,1165.0,2.0,33.64,2
varthur,1111.0,2.0,41.88,2
kr puram,1200.0,1.0,65.0,2
btm layout,450.0,1.0,20.0,1
talaghattapura,1575.0,3.0,80.0,3
indira nagar,3200.0,4.0,440.0,4
anekal,530.0,1.0,18.0,1
raja rajeshwari nagar,1260.0,2.0,62.0,3
cooke town,2600.0,3.0,375.0,3
bommasandra industrial area,1020.0,2.0,29.45,2
other,3100.0,3.0,250.0,3
varthur road,1033.0,2.0,32.0,2
isro layout,1310.0,2.0,68.0,3
other,1500.0,3.0,95.0,3
whitefield,1216.0,2.0,72.0,2
tumkur road,1027.0,2.0,60.0,2
jalahalli,1200.0,2.0,66.0,1
electronic city,890.0,2.0,40.0,2
narayanapura,1308.0,2.0,89.04,2
other,1272.0,4.0,75.0,3
whitefield,1495.0,3.0,88.0,2
kengeri,1052.0,2.0,51.0,2
thubarahalli,975.0,2.0,55.0,2
jakkur,1290.0,2.0,80.04,2
bommenahalli,1632.0,3.0,128.0,4
electronic city phase ii,1000.0,2.0,28.88,2
hsr layout,1140.0,2.0,46.0,2
kambipura,883.0,2.0,39.0,2
other,5480.0,4.0,400.0,3
uttarahalli,3600.0,6.0,120.0,6
electronic city,1128.0,2.0,63.0,2
bommasandra,1035.0,2.0,41.43,2
other,540.0,1.0,22.0,1
dasanapura,814.0,2.0,42.0,2
dodda nekkundi,1999.0,3.0,135.0,3
chamrajpet,1650.0,3.0,115.0,3
rachenahalli,985.0,2.0,50.17,2
amruthahalli,1200.0,2.0,55.0,2
electronic city,1342.0,2.0,90.0,2
nri layout,2500.0,5.0,130.0,5
btm layout,935.0,2.0,51.5,2
electronics city phase 1,1305.0,2.0,67.0,2
electronic city,1350.0,3.0,66.0,3
kogilu,1250.0,2.0,55.55,2
mysore road,1020.0,2.0,48.95,2
whitefield,3000.0,5.0,250.0,4
bannerghatta road,950.0,2.0,38.0,2
kasturi nagar,1570.0,3.0,110.0,3
sarjapur,1044.0,2.0,34.0,2
ramagondanahalli,1500.0,3.0,100.0,3
other,1030.0,2.0,77.25,2
uttarahalli,850.0,2.0,37.93,2
chandapura,876.0,2.0,29.5,2
jp nagar,1352.5,2.0,93.865,2
other,1158.0,2.0,85.0,3
ulsoor,1180.0,2.0,100.0,2
kanakpura road,1300.0,3.0,69.0,3
rajaji nagar,1370.0,2.0,170.0,2
malleshwaram,2000.0,3.0,250.0,3
sarjapur  road,1309.0,2.0,69.5,2
raja rajeshwari nagar,1060.0,2.0,48.0,2
vijayanagar,1760.0,3.0,140.0,3
basaveshwara nagar,4500.0,5.0,415.0,5
1st block jayanagar,2850.0,4.0,428.0,4
kammasandra,985.0,2.0,40.5,2
hennur road,1195.0,2.0,59.0,2
7th phase jp nagar,2225.0,3.0,160.0,3
other,3900.0,4.0,333.0,4
hebbal,1645.0,3.0,121.0,3
other,1300.0,2.0,95.0,2
battarahalli,2024.0,3.0,103.0,3
thubarahalli,2625.0,3.0,175.0,3
other,1463.0,1.0,142.0,2
varthur,1012.0,2.0,59.0,2
raja rajeshwari nagar,1178.0,2.0,75.0,2
garudachar palya,1060.0,2.0,48.5,2
raja rajeshwari nagar,1570.0,2.0,65.0,3
7th phase jp nagar,1080.0,2.0,75.0,2
marathahalli,1019.0,2.0,49.85,2
haralur road,2017.0,3.0,125.0,3
raja rajeshwari nagar,1105.0,2.0,65.0,2
kr puram,1050.0,2.0,55.0,2
uttarahalli,1050.0,2.0,42.0,2
kanakpura road,1843.0,3.0,95.84,3
other,1200.0,4.0,110.0,4
uttarahalli,1737.0,2.0,95.0,3
dasarahalli,1220.0,2.0,52.0,2
other,2200.0,2.0,150.0,4
kengeri satellite town,635.0,1.0,22.0,2
dodda nekkundi,1264.0,2.0,52.0,2
sarjapur  road,1019.0,2.0,62.0,2
kannamangala,957.0,2.0,58.0,2
karuna nagar,1960.0,3.0,165.0,3
attibele,400.0,1.0,11.5,1
kr puram,1021.0,2.0,48.0,2
other,1500.0,2.0,115.0,2
btm 2nd stage,1000.0,2.0,58.0,2
other,1525.0,2.0,122.0,3
bannerghatta road,1693.0,3.0,89.0,3
rachenahalli,690.0,1.0,39.8,1
6th phase jp nagar,2040.0,3.0,200.0,3
sultan palaya,1100.0,2.0,45.0,2
yelahanka new town,650.0,1.0,17.0,1
tc palaya,1082.0,2.0,64.0,2
gm palaya,1315.0,2.0,65.0,3
rachenahalli,985.0,2.0,50.17,2
other,450.0,1.0,25.0,1
other,1904.0,3.0,155.0,3
electronic city,1355.0,2.0,72.9,2
uttarahalli,1165.0,1.0,42.09,2
kannamangala,2400.0,4.0,130.0,4
hosur road,1179.0,2.0,49.0,2
gollarapalya hosahalli,1408.0,3.0,62.0,3
kasavanhalli,1787.0,3.0,123.0,3
haralur road,1735.0,3.0,97.0,3
other,1065.0,2.0,58.0,2
kaikondrahalli,1605.0,3.0,105.0,3
7th phase jp nagar,1275.0,2.0,88.0,3
other,1200.0,2.0,110.0,2
ramagondanahalli,920.0,2.0,65.0,2
kammasandra,940.0,2.0,35.0,2
varthur,1090.0,2.0,48.0,2
other,3900.0,3.0,250.0,3
other,1480.0,3.0,90.0,3
doddathoguru,1104.0,2.0,39.0,2
munnekollal,1200.0,2.0,49.5,2
other,1783.0,3.0,115.0,3
whitefield,11890.0,4.0,700.0,4
banashankari stage iii,1304.0,2.0,111.0,2
other,4000.0,5.0,280.0,4
hulimavu,1175.0,2.0,45.0,2
tc palaya,1475.0,3.0,98.0,3
7th phase jp nagar,2503.0,4.0,188.0,4
sarakki nagar,2121.0,4.0,253.0,3
kothanur,1170.0,3.0,80.0,3
kudlu,1024.0,2.0,44.0,2
arekere,1740.0,2.0,95.0,3
thanisandra,2144.0,3.0,135.0,3
banashankari,1470.0,2.0,88.64,3
sultan palaya,870.0,2.0,65.0,2
yeshwanthpur,650.0,1.0,40.0,1
kasavanhalli,1181.0,2.0,61.0,2
raja rajeshwari nagar,1143.0,2.0,38.65,2
sarjapur  road,1660.0,2.0,116.0,3
sahakara nagar,1160.0,2.0,55.0,2
murugeshpalya,1845.0,3.0,91.0,3
thanisandra,1265.0,2.0,79.0,3
anekal,600.0,1.0,16.5,1
kothanur,1140.0,2.0,56.0,2
narayanapura,1485.0,3.0,85.0,3
electronic city phase ii,1020.0,2.0,32.0,2
5th phase jp nagar,4000.0,5.0,170.0,5
hebbal,1920.0,3.0,134.0,3
billekahalli,1112.0,2.0,62.0,2
ambedkar nagar,1862.0,3.0,120.0,3
hulimavu,1255.0,2.0,66.0,2
rajaji nagar,1763.0,3.0,240.0,2
malleshwaram,2215.0,3.0,275.0,3
rayasandra,1198.0,2.0,54.0,2
chikkalasandra,875.0,2.0,52.8,2
banashankari stage iii,1305.0,2.0,60.0,3
other,2000.0,3.0,210.0,3
whitefield,1778.0,3.0,122.0,3
harlur,1197.0,2.0,76.0,2
btm 2nd stage,965.0,2.0,56.0,2
malleshwaram,2610.0,3.0,399.0,3
btm layout,1020.0,2.0,46.5,2
chandapura,1025.0,2.0,27.68,2
other,2000.0,3.0,200.0,3
balagere,790.5,1.0,42.295,1
babusapalaya,1100.0,2.0,38.0,2
7th phase jp nagar,1680.0,3.0,125.0,3
other,1584.0,3.0,145.0,4
magadi road,3600.0,6.0,141.0,6
other,2070.0,3.0,135.0,3
marathahalli,1065.0,2.0,55.0,2
haralur road,1464.0,2.0,56.0,2
devarachikkanahalli,1130.0,2.0,36.0,2
begur road,1160.0,2.0,42.0,2
marathahalli,1026.0,2.0,50.18,2
other,700.0,2.0,43.0,2
other,400.0,1.0,14.0,1
lingadheeranahalli,1893.0,3.0,130.0,3
kanakpura road,525.0,1.0,26.01,1
banashankari,1540.0,3.0,80.0,3
jigani,1252.0,3.0,70.0,3
whitefield,1730.0,3.0,125.0,3
whitefield,905.0,1.0,52.0,1
vijayanagar,1739.0,3.0,116.0,3
electronic city,1070.0,2.0,54.0,2
nri layout,2400.0,2.0,125.0,2
banashankari stage vi,1160.0,2.0,59.0,2
bommenahalli,3339.0,3.0,250.0,3
attibele,420.0,1.0,17.0,1
harlur,936.0,2.0,45.0,2
yeshwanthpur,1195.0,2.0,100.0,2
hegde nagar,2026.0,3.0,132.0,3
pattandur agrahara,900.0,2.0,42.0,2
7th phase jp nagar,1430.0,2.0,102.0,3
other,1810.0,3.0,118.0,3
other,530.0,1.0,18.0,1
varthur,1140.0,2.0,39.9,2
2nd phase judicial layout,1350.0,2.0,47.25,3
other,1100.0,2.0,90.0,2
electronic city,1025.0,2.0,46.0,2
whitefield,2856.0,5.0,158.5,4
mahadevpura,1136.0,2.0,64.5,2
other,1200.0,2.0,45.0,1
whitefield,1700.0,3.0,115.0,3
other,1100.0,2.0,60.0,2
kr puram,1300.0,2.0,57.0,3
other,1200.0,2.0,65.0,2
other,925.0,2.0,63.0,2
other,1200.0,4.0,86.0,4
yeshwanthpur,717.0,2.0,49.475,2
sarjapur  road,1826.0,3.0,130.0,3
kothanur,1302.0,2.0,68.5,2
marathahalli,1050.0,2.0,65.0,2
sonnenahalli,1011.0,2.0,50.53,2
sarjapur  road,1691.0,3.0,113.0,3
uttarahalli,1290.0,2.0,56.12,3
hsr layout,1844.0,3.0,89.0,3
battarahalli,2082.0,3.0,104.0,3
bellandur,960.0,2.0,48.0,2
marathahalli,1270.0,2.0,80.0,2
rajiv nagar,1309.0,2.0,80.0,2
other,1835.0,3.0,175.0,3
other,5500.0,4.0,600.0,4
hennur,1285.0,2.0,60.0,2
attibele,500.0,1.0,17.0,1
other,1200.0,3.0,160.0,3
chamrajpet,1660.4,4.0,211.0,4
tumkur road,1354.0,3.0,85.86,3
banashankari stage v,1540.0,3.0,48.51,3
haralur road,1850.0,3.0,110.0,3
chamrajpet,1475.0,2.0,120.0,3
kengeri satellite town,1110.0,2.0,43.0,2
other,1280.0,2.0,75.0,2
hbr layout,1200.0,4.0,120.0,4
kanakapura,1477.0,2.0,69.5,3
yelahanka,1322.0,2.0,75.0,2
doddathoguru,970.0,2.0,33.0,2
other,1196.0,2.0,96.0,2
akshaya nagar,1100.0,2.0,48.0,2
hennur road,1232.0,2.0,69.61,2
other,500.0,1.0,20.0,1
sarjapur  road,1230.0,2.0,65.0,2
varthur,1105.0,2.0,38.0,2
channasandra,830.0,2.0,36.28,2
yelahanka new town,488.0,1.0,20.0,1
sahakara nagar,1100.0,2.0,56.0,2
9th phase jp nagar,1050.0,2.0,35.0,2
haralur road,1890.0,3.0,84.0,3
kanakapura,1160.0,2.0,46.39,2
sarjapur  road,1132.0,2.0,70.0,2
tc palaya,900.0,2.0,55.0,2
other,1200.0,2.0,70.0,2
whitefield,1270.0,2.0,94.0,2
channasandra,1160.0,2.0,55.0,2
other,1280.0,2.0,90.0,2
banashankari,1310.0,2.0,80.0,2
kasavanhalli,1563.05,3.0,105.0,3
raja rajeshwari nagar,1640.0,3.0,86.8,3
hoodi,1490.0,3.0,85.0,3
banashankari stage iii,1500.0,2.0,100.0,3
uttarahalli,1213.0,2.0,48.0,2
bisuvanahalli,845.0,2.0,33.0,2
cooke town,2388.0,4.0,239.0,3
nagarbhavi,1200.0,2.0,150.0,2
green glen layout,1075.0,2.0,60.0,2
indira nagar,1145.0,2.0,100.0,2
other,2360.0,4.0,150.0,4
hebbal,2375.0,4.0,189.0,4
panathur,1438.0,2.0,100.0,2
padmanabhanagar,2051.0,3.0,180.0,3
varthur,1738.0,2.0,57.35,2
other,450.0,1.0,20.0,1
parappana agrahara,1194.0,2.0,47.0,2
cooke town,3900.0,5.0,415.0,4
whitefield,624.0,1.0,35.0,1
other,1904.0,3.0,150.0,3
balagere,1007.0,2.0,65.0,2
mallasandra,1100.0,2.0,76.3,3
kogilu,1909.0,3.0,88.0,3
gm palaya,1315.0,3.0,64.0,3
yeshwanthpur,1855.0,3.0,140.0,3
kammasandra,674.0,2.0,29.0,2
kaval byrasandra,480.0,1.0,25.0,1
malleshpalya,1200.0,2.0,46.0,2
kudlu,1027.0,2.0,44.0,2
mahadevpura,1250.0,2.0,52.0,2
sarjapur  road,1700.0,3.0,95.0,3
5th phase jp nagar,1010.0,2.0,57.0,2
begur road,1410.0,2.0,53.58,3
7th phase jp nagar,1270.0,2.0,80.0,2
hebbal,5611.5,4.0,477.0,4
indira nagar,4000.0,4.0,700.0,4
subramanyapura,1880.0,3.0,110.0,3
hormavu,1075.0,2.0,53.7,2
kengeri,416.0,1.0,18.0,1
5th phase jp nagar,1190.0,2.0,61.8,2
other,980.0,3.0,80.0,3
marathahalli,1144.0,2.0,65.0,2
9th phase jp nagar,1005.0,2.0,42.0,2
other,1374.0,2.0,88.0,3
bellandur,1060.0,2.0,65.0,2
abbigere,1000.0,2.0,41.0,2
ananth nagar,1000.0,2.0,25.0,2
kothanur,1455.0,2.0,69.0,2
chandapura,876.0,2.0,28.47,2
uttarahalli,1279.0,2.0,48.0,2
whitefield,2210.0,3.0,156.0,3
kaggalipura,950.0,2.0,50.0,2
babusapalaya,1061.0,2.0,33.84,2
other,1500.0,2.0,145.0,2
sarjapur  road,1612.0,3.0,98.38,3
cv raman nagar,1392.0,2.0,95.0,2
lingadheeranahalli,1894.0,4.0,114.0,3
hsr layout,1009.0,2.0,56.0,2
other,1250.0,2.0,90.0,2
other,1150.0,2.0,77.5,3
yelachenahalli,1464.0,2.0,105.0,3
balagere,1210.0,2.0,82.0,2
other,3000.0,3.0,400.0,3
chandapura,674.0,1.0,19.9,2
electronic city,435.0,1.0,21.0,1
kaggadasapura,1225.0,2.0,48.0,2
kodigehaali,965.0,2.0,38.0,2
uttarahalli,1175.0,2.0,47.0,2
nehru nagar,1674.0,3.0,81.0,3
9th phase jp nagar,1164.0,2.0,56.0,2
other,1533.0,3.0,115.0,3
gottigere,3000.0,3.0,132.0,4
kundalahalli,1030.0,2.0,49.0,2
tindlu,1500.0,3.0,87.0,3
bellandur,1350.0,2.0,79.0,2
jakkur,1300.0,2.0,85.0,2
other,1260.0,2.0,75.0,2
akshaya nagar,1280.0,2.0,60.0,2
hrbr layout,1170.0,2.0,75.0,2
doddathoguru,750.0,1.0,25.5,1
panathur,1000.0,2.0,65.3,2
electronic city,1500.0,2.0,100.0,3
sarjapur  road,835.0,1.0,46.95,1
kanakpura road,525.0,1.0,25.0,1
vidyaranyapura,1200.0,2.0,52.0,2
hennur,1255.0,2.0,53.5,2
other,1407.0,2.0,83.87,2
ambalipura,1105.0,2.0,75.0,2
singasandra,1120.0,2.0,60.0,2
jigani,918.0,2.0,56.0,2
ambalipura,1650.0,3.0,100.0,3
other,1112.0,2.0,68.0,2
thigalarapalya,3362.0,5.0,249.0,4
other,3100.0,5.0,385.0,4
other,6000.0,1.0,276.0,1
hoskote,1095.0,2.0,33.6,2
other,1293.0,2.0,75.0,2
isro layout,1050.0,2.0,51.0,2
sarjapur  road,1026.0,2.0,60.55,2
banashankari stage ii,1245.0,2.0,125.0,2
hoskote,1065.0,2.0,31.5,2
marathahalli,1270.0,2.0,73.0,2
malleshwaram,620.0,1.0,86.8,1
other,2401.0,3.0,185.0,3
ombr layout,1078.0,2.0,65.0,2
sahakara nagar,1270.0,2.0,96.0,2
yelahanka,1711.0,3.0,85.61,3
thigalarapalya,1418.0,2.0,103.0,2
hsr layout,1140.0,2.0,46.0,2
kothanur,1400.0,2.0,70.0,2
electronic city,940.0,2.0,41.0,2
whitefield,1600.0,3.0,82.0,3
other,1900.0,3.0,190.0,3
bellandur,1299.0,2.0,82.0,2
budigere,1162.0,2.0,59.9,2
doddaballapur,2440.0,3.0,142.0,3
cv raman nagar,1310.0,2.0,62.0,2
raja rajeshwari nagar,1500.0,3.0,88.0,3
uttarahalli,1137.0,2.0,63.0,2
indira nagar,1470.0,2.0,170.0,2
chikka tirupathi,2325.0,3.0,95.0,3
raja rajeshwari nagar,4800.0,8.0,225.0,8
arekere,600.0,1.0,28.0,1
kodigehaali,866.0,2.0,32.0,2
jp nagar,1000.0,2.0,35.0,2
hegde nagar,1340.0,2.0,72.0,2
chamrajpet,1900.0,2.0,170.0,4
other,1500.0,3.0,90.0,3
nagarbhavi,1146.0,2.0,50.0,2
hoodi,1258.5,2.0,59.135,2
vishveshwarya layout,2000.0,4.0,75.0,4
old airport road,2690.0,4.0,191.0,4
ambedkar nagar,1424.0,2.0,90.0,2
kaval byrasandra,1125.0,2.0,41.5,2
other,1200.0,2.0,70.0,2
ramamurthy nagar,1360.0,2.0,45.0,2
rajaji nagar,1800.0,2.0,250.0,3
yelahanka,700.0,1.0,38.0,1
other,1200.0,3.0,140.0,3
iblur village,2000.0,4.0,138.0,3
other,4395.0,3.0,240.0,3
rachenahalli,1220.0,2.0,59.5,2
kogilu,540.0,1.0,36.0,1
thanisandra,1183.0,2.0,77.25,2
begur road,1200.0,2.0,42.0,2
uttarahalli,1125.0,2.0,48.0,2
nagarbhavi,1223.0,2.0,60.0,2
other,1080.0,2.0,75.0,3
thigalarapalya,1297.0,2.0,98.0,2
other,1839.0,3.0,165.0,3
hoodi,1108.0,2.0,66.46,2
other,900.0,2.0,110.0,2
other,2400.0,3.0,185.0,4
lingadheeranahalli,1511.0,3.0,95.0,3
gollarapalya hosahalli,1320.0,3.0,60.0,3
5th phase jp nagar,1200.0,2.0,51.0,2
ramamurthy nagar,1200.0,2.0,57.9,2
bommasandra industrial area,1125.0,2.0,32.49,2
hennur road,1310.0,2.0,66.0,2
raja rajeshwari nagar,1133.0,2.0,38.41,2
kudlu,1143.0,2.0,55.0,2
ramagondanahalli,1235.0,2.0,46.8,2
hoskote,945.0,2.0,35.0,2
begur road,1260.0,2.0,46.62,2
other,1150.0,2.0,75.0,2
kasturi nagar,1567.0,2.0,92.0,2
vishwapriya layout,910.0,2.0,36.0,2
kengeri satellite town,777.4,2.0,25.0,2
devarachikkanahalli,1425.0,2.0,65.0,3
other,700.0,1.0,41.0,1
other,1050.0,2.0,41.0,1
kasavanhalli,1819.0,3.0,150.0,3
cv raman nagar,1392.0,2.0,98.0,2
kaggadasapura,1560.0,2.0,72.0,3
r.t. nagar,1235.0,2.0,65.0,2
domlur,1540.0,3.0,90.0,3
yelahanka new town,1700.0,3.0,90.0,3
mico layout,1140.0,2.0,43.0,2
other,1375.0,2.0,85.0,3
rayasandra,1253.0,2.0,57.0,2
electronics city phase 1,1124.0,2.0,55.0,3
other,3200.0,4.0,270.0,4
prithvi layout,1190.0,2.0,68.0,2
other,1260.0,2.0,85.05,3
hebbal,2483.0,5.0,212.0,4
ramamurthy nagar,1110.0,2.0,65.0,2
raja rajeshwari nagar,1120.0,2.0,37.95,2
kengeri,750.0,2.0,36.5,2
other,1270.0,2.0,172.0,2
kengeri satellite town,920.0,2.0,39.0,2
ramagondanahalli,1910.0,3.0,131.0,3
other,1225.0,2.0,71.05,2
vidyaranyapura,1100.0,2.0,54.0,2
marathahalli,1550.0,3.0,83.0,3
hebbal,1760.0,3.0,123.0,3
haralur road,1225.0,2.0,69.84,2
other,1500.0,1.0,19.5,1
rachenahalli,1050.0,2.0,52.5,2
bhoganhalli,1700.0,3.0,126.0,3
varthur,1200.0,3.0,67.75,3
other,1415.0,2.0,110.0,2
whitefield,2225.0,3.0,149.0,3
budigere,1153.0,2.0,56.5,2
vijayanagar,1704.0,3.0,110.0,3
kundalahalli,1724.0,3.0,140.0,3
hsr layout,1145.0,2.0,46.0,2
nagavara,1110.0,2.0,44.95,2
thigalarapalya,2072.0,4.0,155.0,3
sarjapur,1175.0,2.0,41.68,2
ngr layout,1021.0,2.0,45.9,2
r.t. nagar,1200.0,2.0,120.0,2
badavala nagar,1842.0,3.0,115.0,3
other,1520.0,3.0,111.0,3
choodasandra,1254.0,2.0,65.0,3
other,3071.0,4.0,300.0,3
hennur road,1232.0,2.0,80.0,2
jalahalli,1045.0,2.0,58.0,2
kudlu,1076.0,2.0,50.0,2
shivaji nagar,600.0,1.0,65.0,2
marathahalli,1325.0,1.0,92.0,2
thanisandra,1183.0,2.0,77.3,2
other,1315.0,2.0,90.0,2
kothanur,1130.0,2.0,55.0,2
bellandur,1096.0,2.0,40.0,2
talaghattapura,2254.0,3.0,153.0,3
sarjapur  road,1457.0,3.0,85.0,3
chandapura,922.0,2.0,36.0,2
anekal,400.0,1.0,11.5,1
hebbal kempapura,1466.0,2.0,140.0,3
other,6000.0,12.0,150.0,11
vittasandra,1404.0,2.0,72.0,2
prithvi layout,1352.0,2.0,72.0,2
kundalahalli,1724.0,3.0,124.0,3
kasavanhalli,4260.0,4.0,333.0,4
rayasandra,1601.0,3.0,70.0,3
electronic city phase ii,1116.0,2.0,37.0,2
hosur road,1689.0,3.0,103.0,3
kudlu,1084.0,2.0,53.0,2
horamavu banaswadi,1200.0,2.0,45.0,2
yelahanka new town,650.0,1.0,20.0,1
sarjapur  road,1691.0,3.0,100.0,3
lb shastri nagar,1200.0,2.0,47.0,2
kaval byrasandra,1060.0,2.0,42.0,2
kengeri,416.0,1.0,17.19,1
whitefield,950.0,1.0,50.0,1
hbr layout,1089.0,2.0,60.0,2
attibele,450.0,1.0,11.0,1
whitefield,1216.0,2.0,84.03,2
yeshwanthpur,1692.0,3.0,108.0,3
cox town,1600.0,3.0,150.0,3
bisuvanahalli,850.0,2.0,27.0,2
uttarahalli,1300.0,2.0,60.0,3
btm 2nd stage,2200.0,3.0,220.0,3
electronic city,1025.0,2.0,54.5,2
kundalahalli,1047.0,2.0,89.0,2
haralur road,2475.0,4.0,130.0,3
bommasandra,1280.0,3.0,50.0,3
sarjapur  road,691.0,1.0,31.1,1
r.t. nagar,1200.0,3.0,140.0,3
raja rajeshwari nagar,1420.0,2.0,60.0,3
magadi road,1500.0,2.0,93.0,4
koramangala,6000.0,4.0,625.0,4
babusapalaya,1050.0,2.0,45.0,2
hulimavu,3560.0,5.0,318.0,4
other,2550.0,4.0,290.0,3
rachenahalli,985.0,2.0,49.97,2
electronic city phase ii,1286.0,2.0,69.0,2
green glen layout,1623.29,2.0,105.0,3
old airport road,1206.0,2.0,75.0,2
uttarahalli,1175.0,2.0,47.0,2
rayasandra,1708.0,3.0,75.0,3
other,1650.0,4.0,160.0,3
kalena agrahara,1354.0,2.0,71.0,2
bhoganhalli,2439.0,4.0,170.0,4
anekal,925.0,2.0,40.0,2
akshaya nagar,1690.0,3.0,85.0,3
doddathoguru,1382.0,3.0,65.0,3
pai layout,1550.0,2.0,90.0,3
other,4346.0,5.0,500.0,4
other,1200.0,1.0,65.0,2
kaval byrasandra,945.0,2.0,50.0,2
other,2180.0,3.0,285.0,3
thanisandra,1930.0,4.0,122.0,3
uttarahalli,1360.0,2.0,61.2,3
bellandur,2039.0,3.0,168.0,3
kadugodi,1890.0,4.0,125.0,3
sahakara nagar,1150.0,2.0,54.0,2
sarjapur,633.0,1.0,17.09,1
bommasandra,1020.0,2.0,40.89,2
kadugodi,1351.0,2.0,78.0,3
whitefield,1697.0,3.0,108.0,3
chikkalasandra,1100.0,2.0,50.0,2
iblur village,3596.0,5.0,290.0,4
domlur,1740.0,3.0,120.0,3
other,1740.0,3.0,120.0,3
bellandur,1767.0,3.0,103.0,3
other,1225.0,2.0,82.0,3
other,3155.0,3.0,315.0,3
marathahalli,1060.0,2.0,48.0,2
yelahanka new town,1209.0,2.0,65.0,3
hoodi,1837.0,3.0,110.0,3
indira nagar,1650.0,3.0,200.0,3
other,2735.0,4.0,340.0,3
sarjapur,925.0,2.0,25.0,2
other,1320.0,2.0,73.0,3
hulimavu,1255.0,2.0,73.0,2
kogilu,1200.0,2.0,53.33,2
aecs layout,1080.0,2.0,55.0,2
hegde nagar,1703.0,3.0,130.0,3
whitefield,1280.0,2.0,75.0,2
other,1000.0,2.0,110.0,3
doddathoguru,550.0,1.0,17.0,1
5th phase jp nagar,812.0,2.0,42.0,2
raja rajeshwari nagar,1140.0,2.0,38.65,2
other,1209.0,2.0,100.0,2
sarjapur,1200.0,2.0,42.6,2
other,800.0,3.0,59.5,2
dommasandra,805.0,2.0,22.14,2
hosa road,1365.0,2.0,92.0,2
other,1465.0,2.0,88.0,3
horamavu banaswadi,1225.0,2.0,49.5,2
chandapura,937.0,2.0,30.0,2
haralur road,1225.0,2.0,77.0,2
kr puram,1200.0,2.0,42.0,2
hormavu,1310.0,2.0,67.0,2
other,1025.0,2.0,65.0,2
other,1310.0,3.0,90.0,3
anandapura,1200.0,2.0,58.0,2
hebbal,985.0,2.0,62.0,2
cooke town,1310.0,2.0,111.0,2
electronics city phase 1,995.0,2.0,49.8,2
yelahanka,1322.0,2.0,86.0,2
haralur road,1230.0,2.0,78.0,2
hsr layout,1467.0,2.0,55.0,2
hormavu,1196.0,2.0,44.8,2
5th phase jp nagar,1207.0,2.0,63.0,2
other,708.0,1.0,55.0,2
hulimavu,1200.0,2.0,75.0,2
varthur,1250.0,2.0,47.0,2
other,3300.0,9.0,450.0,10
bannerghatta road,700.0,1.0,31.2,1
other,1200.0,2.0,75.0,2
brookefield,1706.0,3.0,115.0,3
devarachikkanahalli,1200.0,2.0,83.0,2
electronic city,630.0,1.0,40.5,1
uttarahalli,1180.0,2.0,41.3,2
other,1182.0,2.0,64.0,2
subramanyapura,1260.0,2.0,76.0,3
banashankari,1260.0,2.0,75.0,2
kengeri,1150.0,1.0,52.0,1
other,2400.0,3.0,185.0,3
other,1753.0,3.0,120.0,3
thanisandra,1595.0,3.0,105.0,3
whitefield,1700.0,3.0,95.0,3
raja rajeshwari nagar,1295.0,2.0,55.47,2
hulimavu,1127.0,2.0,65.0,2
horamavu banaswadi,1272.0,2.0,50.0,2
other,418.0,1.0,17.0,1
hennur,1155.0,2.0,54.5,2
other,600.0,3.0,72.0,2
7th phase jp nagar,1680.0,3.0,120.0,3
kodigehaali,1013.0,2.0,51.0,2
akshaya nagar,1890.0,4.0,100.0,3
electronics city phase 1,1490.0,3.0,84.0,3
other,1500.0,4.0,180.0,3
other,1900.0,2.0,190.0,3
hormavu,1075.0,2.0,53.7,2
7th phase jp nagar,918.0,2.0,50.49,2
other,900.0,1.0,70.0,2
lakshminarayana pura,1165.0,2.0,75.0,2
chikkalasandra,1290.0,2.0,72.0,2
mahadevpura,1236.0,2.0,58.0,2
banashankari stage iii,1305.0,2.0,59.0,3
cunningham road,3815.0,3.0,763.0,3
anekal,967.0,2.0,45.0,3
other,1275.0,2.0,105.0,2
marathahalli,1360.0,2.0,101.0,2
mysore road,980.0,2.0,45.47,2
kadugodi,1152.0,2.0,61.0,2
whitefield,905.0,1.0,50.0,1
bellandur,1251.0,2.0,47.0,2
thanisandra,1996.0,4.0,123.0,3
balagere,645.0,1.0,41.0,1
kasavanhalli,4408.0,4.0,344.0,4
kasavanhalli,2170.0,3.0,151.0,3
haralur road,1194.0,2.0,47.0,2
hennur,1255.0,2.0,55.5,2
abbigere,880.0,2.0,35.0,2
r.t. nagar,1100.0,3.0,125.0,2
vijayanagar,1180.0,2.0,65.0,2
other,1400.0,2.0,80.0,2
hennur road,2041.0,3.0,138.0,3
mico layout,1190.0,2.0,39.25,2
other,905.0,2.0,50.0,2
other,1375.0,2.0,105.0,2
bommasandra,1295.0,2.0,50.28,3
billekahalli,1125.0,2.0,65.0,2
hrbr layout,1210.0,2.0,75.0,2
gottigere,945.0,2.0,45.0,2
doddathoguru,1100.0,2.0,50.0,2
sarakki nagar,1840.0,4.0,175.0,3
gunjur,1190.0,2.0,40.0,2
budigere,1139.0,2.0,60.0,2
kasavanhalli,1495.0,2.0,110.0,2
chikkabanavar,950.0,2.0,40.0,2
raja rajeshwari nagar,6000.0,8.0,215.0,8
chandapura,900.0,2.0,35.0,2
